<PAMDataset>
  <Metadata>
    <MDI key="credits">Envifate - Francesco Geri, Oscar Cainelli, Paolo Zatelli, Gianluca Salogni, Marco Ciolli - DICAM Università degli Studi di Trento - Regione Veneto</MDI>
    <MDI key="data">10-10-19</MDI>
    <MDI key="descrizione">Simulazione di inquinamento luminoso da sorgente puntuale singola o multipla</MDI>
    <MDI key="modulo">Analisi inquinamento luminoso</MDI>
    <MDI key="srs">EPSG:3003</MDI>
  </Metadata>
  <PAMRasterBand band="1">
    <Metadata>
      <MDI key="STATISTICS_MAXIMUM">662.79815673828</MDI>
      <MDI key="STATISTICS_MEAN">1.6764740400041</MDI>
      <MDI key="STATISTICS_MINIMUM">0</MDI>
      <MDI key="STATISTICS_STDDEV">8.1702787028553</MDI>
    </Metadata>
  </PAMRasterBand>
</PAMDataset>
