<PAMDataset>
  <Metadata>
    <MDI key="credits">Envifate - Francesco Geri, Oscar Cainelli, Paolo Zatelli, Gianluca Salogni, Marco Ciolli - DICAM Università degli Studi di Trento - Regione Veneto</MDI>
    <MDI key="data">10-10-19</MDI>
    <MDI key="descrizione">Simulazione di dispersione inquinante in falda</MDI>
    <MDI key="modulo">Dispersione in falda</MDI>
    <MDI key="srs">EPSG:32632</MDI>
  </Metadata>
  <PAMRasterBand band="1">
    <Metadata>
      <MDI key="STATISTICS_MAXIMUM">1.3009693589083e-07</MDI>
      <MDI key="STATISTICS_MEAN">2.0253296268982e-10</MDI>
      <MDI key="STATISTICS_MINIMUM">0</MDI>
      <MDI key="STATISTICS_STDDEV">9.5811943884179e-10</MDI>
    </Metadata>
  </PAMRasterBand>
</PAMDataset>
