<PAMDataset>
  <Metadata>
    <MDI key="credits">Envifate - Francesco Geri, Oscar Cainelli, Paolo Zatelli, Gianluca Salogni, Marco Ciolli - DICAM Università degli Studi di Trento - Regione Veneto</MDI>
    <MDI key="data">09-09-19</MDI>
    <MDI key="descrizione">Analisi inquinamento acustico in ambiente outdoor su base del modello Spread</MDI>
    <MDI key="modulo">Analisi rumore</MDI>
    <MDI key="srs">EPSG:3003</MDI>
  </Metadata>
  <PAMRasterBand band="1">
    <Metadata>
      <MDI key="STATISTICS_MAXIMUM">240.63954162598</MDI>
      <MDI key="STATISTICS_MEAN">168.23864113944</MDI>
      <MDI key="STATISTICS_MINIMUM">142.04840087891</MDI>
      <MDI key="STATISTICS_STDDEV">13.83831076186</MDI>
    </Metadata>
  </PAMRasterBand>
</PAMDataset>
