<PAMDataset>
  <PAMRasterBand band="1">
    <GDALRasterAttributeTable>
      <FieldDefn index="0">
        <Name>min</Name>
        <Type>1</Type>
        <Usage>3</Usage>
      </FieldDefn>
      <FieldDefn index="1">
        <Name>max</Name>
        <Type>1</Type>
        <Usage>4</Usage>
      </FieldDefn>
      <FieldDefn index="2">
        <Name>redmin</Name>
        <Type>0</Type>
        <Usage>10</Usage>
      </FieldDefn>
      <FieldDefn index="3">
        <Name>redmax</Name>
        <Type>0</Type>
        <Usage>14</Usage>
      </FieldDefn>
      <FieldDefn index="4">
        <Name>greenmin</Name>
        <Type>0</Type>
        <Usage>11</Usage>
      </FieldDefn>
      <FieldDefn index="5">
        <Name>greenmax</Name>
        <Type>0</Type>
        <Usage>15</Usage>
      </FieldDefn>
      <FieldDefn index="6">
        <Name>bluemin</Name>
        <Type>0</Type>
        <Usage>12</Usage>
      </FieldDefn>
      <FieldDefn index="7">
        <Name>bluemax</Name>
        <Type>0</Type>
        <Usage>16</Usage>
      </FieldDefn>
      <Row index="0">
        <F>621.1419185107422</F>
        <F>622.233642578125</F>
        <F>251</F>
        <F>253</F>
        <F>231</F>
        <F>231</F>
        <F>35</F>
        <F>37</F>
      </Row>
      <Row index="1">
        <F>620.0501944433594</F>
        <F>621.1419185107422</F>
        <F>248</F>
        <F>251</F>
        <F>230</F>
        <F>231</F>
        <F>33</F>
        <F>35</F>
      </Row>
      <Row index="2">
        <F>618.9584703759765</F>
        <F>620.0501944433594</F>
        <F>246</F>
        <F>248</F>
        <F>230</F>
        <F>230</F>
        <F>32</F>
        <F>33</F>
      </Row>
      <Row index="3">
        <F>617.8639612982178</F>
        <F>618.9584703759765</F>
        <F>244</F>
        <F>246</F>
        <F>230</F>
        <F>230</F>
        <F>30</F>
        <F>32</F>
      </Row>
      <Row index="4">
        <F>616.7722372308349</F>
        <F>617.8639612982178</F>
        <F>241</F>
        <F>244</F>
        <F>229</F>
        <F>230</F>
        <F>29</F>
        <F>30</F>
      </Row>
      <Row index="5">
        <F>615.6805131634521</F>
        <F>616.7722372308349</F>
        <F>239</F>
        <F>241</F>
        <F>229</F>
        <F>229</F>
        <F>28</F>
        <F>29</F>
      </Row>
      <Row index="6">
        <F>614.5887890960694</F>
        <F>615.6805131634521</F>
        <F>236</F>
        <F>239</F>
        <F>229</F>
        <F>229</F>
        <F>27</F>
        <F>28</F>
      </Row>
      <Row index="7">
        <F>613.4970650286865</F>
        <F>614.5887890960694</F>
        <F>234</F>
        <F>236</F>
        <F>229</F>
        <F>229</F>
        <F>26</F>
        <F>27</F>
      </Row>
      <Row index="8">
        <F>612.4053409613038</F>
        <F>613.4970650286865</F>
        <F>231</F>
        <F>234</F>
        <F>228</F>
        <F>229</F>
        <F>25</F>
        <F>26</F>
      </Row>
      <Row index="9">
        <F>611.310831883545</F>
        <F>612.4053409613038</F>
        <F>229</F>
        <F>231</F>
        <F>228</F>
        <F>228</F>
        <F>25</F>
        <F>25</F>
      </Row>
      <Row index="10">
        <F>610.2191078161621</F>
        <F>611.310831883545</F>
        <F>226</F>
        <F>229</F>
        <F>228</F>
        <F>228</F>
        <F>24</F>
        <F>25</F>
      </Row>
      <Row index="11">
        <F>609.1273837487793</F>
        <F>610.2191078161621</F>
        <F>223</F>
        <F>226</F>
        <F>227</F>
        <F>228</F>
        <F>24</F>
        <F>24</F>
      </Row>
      <Row index="12">
        <F>608.0356596813965</F>
        <F>609.1273837487793</F>
        <F>221</F>
        <F>223</F>
        <F>227</F>
        <F>227</F>
        <F>24</F>
        <F>24</F>
      </Row>
      <Row index="13">
        <F>606.9439356140138</F>
        <F>608.0356596813965</F>
        <F>218</F>
        <F>221</F>
        <F>227</F>
        <F>227</F>
        <F>25</F>
        <F>24</F>
      </Row>
      <Row index="14">
        <F>605.8522115466308</F>
        <F>606.9439356140138</F>
        <F>216</F>
        <F>218</F>
        <F>226</F>
        <F>227</F>
        <F>25</F>
        <F>25</F>
      </Row>
      <Row index="15">
        <F>604.757702468872</F>
        <F>605.8522115466308</F>
        <F>213</F>
        <F>216</F>
        <F>226</F>
        <F>226</F>
        <F>26</F>
        <F>25</F>
      </Row>
      <Row index="16">
        <F>603.6659784014893</F>
        <F>604.757702468872</F>
        <F>210</F>
        <F>213</F>
        <F>226</F>
        <F>226</F>
        <F>27</F>
        <F>26</F>
      </Row>
      <Row index="17">
        <F>602.5742543341064</F>
        <F>603.6659784014893</F>
        <F>208</F>
        <F>210</F>
        <F>225</F>
        <F>226</F>
        <F>28</F>
        <F>27</F>
      </Row>
      <Row index="18">
        <F>601.4825302667236</F>
        <F>602.5742543341064</F>
        <F>205</F>
        <F>208</F>
        <F>225</F>
        <F>225</F>
        <F>29</F>
        <F>28</F>
      </Row>
      <Row index="19">
        <F>600.3908061993409</F>
        <F>601.4825302667236</F>
        <F>202</F>
        <F>205</F>
        <F>225</F>
        <F>225</F>
        <F>31</F>
        <F>29</F>
      </Row>
      <Row index="20">
        <F>599.299082131958</F>
        <F>600.3908061993409</F>
        <F>200</F>
        <F>202</F>
        <F>224</F>
        <F>225</F>
        <F>32</F>
        <F>31</F>
      </Row>
      <Row index="21">
        <F>598.2073580645751</F>
        <F>599.299082131958</F>
        <F>197</F>
        <F>200</F>
        <F>224</F>
        <F>224</F>
        <F>33</F>
        <F>32</F>
      </Row>
      <Row index="22">
        <F>597.1128489868164</F>
        <F>598.2073580645751</F>
        <F>194</F>
        <F>197</F>
        <F>223</F>
        <F>224</F>
        <F>35</F>
        <F>33</F>
      </Row>
      <Row index="23">
        <F>596.0211249194335</F>
        <F>597.1128489868164</F>
        <F>192</F>
        <F>194</F>
        <F>223</F>
        <F>223</F>
        <F>37</F>
        <F>35</F>
      </Row>
      <Row index="24">
        <F>594.9294008520508</F>
        <F>596.0211249194335</F>
        <F>189</F>
        <F>192</F>
        <F>223</F>
        <F>223</F>
        <F>38</F>
        <F>37</F>
      </Row>
      <Row index="25">
        <F>593.837676784668</F>
        <F>594.9294008520508</F>
        <F>186</F>
        <F>189</F>
        <F>222</F>
        <F>223</F>
        <F>40</F>
        <F>38</F>
      </Row>
      <Row index="26">
        <F>592.7459527172851</F>
        <F>593.837676784668</F>
        <F>184</F>
        <F>186</F>
        <F>222</F>
        <F>222</F>
        <F>41</F>
        <F>40</F>
      </Row>
      <Row index="27">
        <F>591.6542286499023</F>
        <F>592.7459527172851</F>
        <F>181</F>
        <F>184</F>
        <F>222</F>
        <F>222</F>
        <F>43</F>
        <F>41</F>
      </Row>
      <Row index="28">
        <F>590.5597195721435</F>
        <F>591.6542286499023</F>
        <F>178</F>
        <F>181</F>
        <F>221</F>
        <F>222</F>
        <F>45</F>
        <F>43</F>
      </Row>
      <Row index="29">
        <F>589.4679955047607</F>
        <F>590.5597195721435</F>
        <F>176</F>
        <F>178</F>
        <F>221</F>
        <F>221</F>
        <F>47</F>
        <F>45</F>
      </Row>
      <Row index="30">
        <F>588.3762714373779</F>
        <F>589.4679955047607</F>
        <F>173</F>
        <F>176</F>
        <F>220</F>
        <F>221</F>
        <F>48</F>
        <F>47</F>
      </Row>
      <Row index="31">
        <F>587.2845473699952</F>
        <F>588.3762714373779</F>
        <F>170</F>
        <F>173</F>
        <F>220</F>
        <F>220</F>
        <F>50</F>
        <F>48</F>
      </Row>
      <Row index="32">
        <F>586.1928233026123</F>
        <F>587.2845473699952</F>
        <F>168</F>
        <F>170</F>
        <F>219</F>
        <F>220</F>
        <F>52</F>
        <F>50</F>
      </Row>
      <Row index="33">
        <F>585.1010992352295</F>
        <F>586.1928233026123</F>
        <F>165</F>
        <F>168</F>
        <F>219</F>
        <F>219</F>
        <F>54</F>
        <F>52</F>
      </Row>
      <Row index="34">
        <F>584.0093751678467</F>
        <F>585.1010992352295</F>
        <F>162</F>
        <F>165</F>
        <F>218</F>
        <F>219</F>
        <F>55</F>
        <F>54</F>
      </Row>
      <Row index="35">
        <F>582.9148660900879</F>
        <F>584.0093751678467</F>
        <F>160</F>
        <F>162</F>
        <F>218</F>
        <F>218</F>
        <F>57</F>
        <F>55</F>
      </Row>
      <Row index="36">
        <F>581.823142022705</F>
        <F>582.9148660900879</F>
        <F>157</F>
        <F>160</F>
        <F>217</F>
        <F>218</F>
        <F>59</F>
        <F>57</F>
      </Row>
      <Row index="37">
        <F>580.7314179553223</F>
        <F>581.823142022705</F>
        <F>155</F>
        <F>157</F>
        <F>217</F>
        <F>217</F>
        <F>60</F>
        <F>59</F>
      </Row>
      <Row index="38">
        <F>579.6396938879395</F>
        <F>580.7314179553223</F>
        <F>152</F>
        <F>155</F>
        <F>216</F>
        <F>217</F>
        <F>62</F>
        <F>60</F>
      </Row>
      <Row index="39">
        <F>578.5479698205565</F>
        <F>579.6396938879395</F>
        <F>149</F>
        <F>152</F>
        <F>216</F>
        <F>216</F>
        <F>64</F>
        <F>62</F>
      </Row>
      <Row index="40">
        <F>577.4562457531738</F>
        <F>578.5479698205565</F>
        <F>147</F>
        <F>149</F>
        <F>215</F>
        <F>216</F>
        <F>65</F>
        <F>64</F>
      </Row>
      <Row index="41">
        <F>576.361736675415</F>
        <F>577.4562457531738</F>
        <F>144</F>
        <F>147</F>
        <F>215</F>
        <F>215</F>
        <F>67</F>
        <F>65</F>
      </Row>
      <Row index="42">
        <F>575.2700126080322</F>
        <F>576.361736675415</F>
        <F>142</F>
        <F>144</F>
        <F>214</F>
        <F>215</F>
        <F>69</F>
        <F>67</F>
      </Row>
      <Row index="43">
        <F>574.1782885406494</F>
        <F>575.2700126080322</F>
        <F>139</F>
        <F>142</F>
        <F>214</F>
        <F>214</F>
        <F>70</F>
        <F>69</F>
      </Row>
      <Row index="44">
        <F>573.0865644732667</F>
        <F>574.1782885406494</F>
        <F>137</F>
        <F>139</F>
        <F>213</F>
        <F>214</F>
        <F>72</F>
        <F>70</F>
      </Row>
      <Row index="45">
        <F>571.9948404058838</F>
        <F>573.0865644732667</F>
        <F>134</F>
        <F>137</F>
        <F>213</F>
        <F>213</F>
        <F>73</F>
        <F>72</F>
      </Row>
      <Row index="46">
        <F>570.9031163385009</F>
        <F>571.9948404058838</F>
        <F>132</F>
        <F>134</F>
        <F>212</F>
        <F>213</F>
        <F>75</F>
        <F>73</F>
      </Row>
      <Row index="47">
        <F>569.8086072607422</F>
        <F>570.9031163385009</F>
        <F>129</F>
        <F>132</F>
        <F>211</F>
        <F>212</F>
        <F>77</F>
        <F>75</F>
      </Row>
      <Row index="48">
        <F>568.7168831933594</F>
        <F>569.8086072607422</F>
        <F>127</F>
        <F>129</F>
        <F>211</F>
        <F>211</F>
        <F>78</F>
        <F>77</F>
      </Row>
      <Row index="49">
        <F>567.6251591259766</F>
        <F>568.7168831933594</F>
        <F>124</F>
        <F>127</F>
        <F>210</F>
        <F>211</F>
        <F>80</F>
        <F>78</F>
      </Row>
      <Row index="50">
        <F>566.5334350585938</F>
        <F>567.6251591259766</F>
        <F>122</F>
        <F>124</F>
        <F>209</F>
        <F>210</F>
        <F>81</F>
        <F>80</F>
      </Row>
      <Row index="51">
        <F>565.4417109912109</F>
        <F>566.5334350585938</F>
        <F>119</F>
        <F>122</F>
        <F>209</F>
        <F>209</F>
        <F>83</F>
        <F>81</F>
      </Row>
      <Row index="52">
        <F>564.3499869238281</F>
        <F>565.4417109912109</F>
        <F>117</F>
        <F>119</F>
        <F>208</F>
        <F>209</F>
        <F>84</F>
        <F>83</F>
      </Row>
      <Row index="53">
        <F>563.2582628564453</F>
        <F>564.3499869238281</F>
        <F>115</F>
        <F>117</F>
        <F>208</F>
        <F>208</F>
        <F>86</F>
        <F>84</F>
      </Row>
      <Row index="54">
        <F>562.1637537786864</F>
        <F>563.2582628564453</F>
        <F>112</F>
        <F>115</F>
        <F>207</F>
        <F>208</F>
        <F>87</F>
        <F>86</F>
      </Row>
      <Row index="55">
        <F>561.0720297113037</F>
        <F>562.1637537786864</F>
        <F>110</F>
        <F>112</F>
        <F>206</F>
        <F>207</F>
        <F>88</F>
        <F>87</F>
      </Row>
      <Row index="56">
        <F>559.9803056439209</F>
        <F>561.0720297113037</F>
        <F>108</F>
        <F>110</F>
        <F>205</F>
        <F>206</F>
        <F>90</F>
        <F>88</F>
      </Row>
      <Row index="57">
        <F>558.8885815765381</F>
        <F>559.9803056439209</F>
        <F>105</F>
        <F>108</F>
        <F>205</F>
        <F>205</F>
        <F>91</F>
        <F>90</F>
      </Row>
      <Row index="58">
        <F>557.7968575091553</F>
        <F>558.8885815765381</F>
        <F>103</F>
        <F>105</F>
        <F>204</F>
        <F>205</F>
        <F>92</F>
        <F>91</F>
      </Row>
      <Row index="59">
        <F>556.7051334417724</F>
        <F>557.7968575091553</F>
        <F>101</F>
        <F>103</F>
        <F>203</F>
        <F>204</F>
        <F>94</F>
        <F>92</F>
      </Row>
      <Row index="60">
        <F>555.6106243640137</F>
        <F>556.7051334417724</F>
        <F>99</F>
        <F>101</F>
        <F>203</F>
        <F>203</F>
        <F>95</F>
        <F>94</F>
      </Row>
      <Row index="61">
        <F>554.5189002966308</F>
        <F>555.6106243640137</F>
        <F>96</F>
        <F>99</F>
        <F>202</F>
        <F>203</F>
        <F>96</F>
        <F>95</F>
      </Row>
      <Row index="62">
        <F>553.4271762292481</F>
        <F>554.5189002966308</F>
        <F>94</F>
        <F>96</F>
        <F>201</F>
        <F>202</F>
        <F>98</F>
        <F>96</F>
      </Row>
      <Row index="63">
        <F>552.3354521618653</F>
        <F>553.4271762292481</F>
        <F>92</F>
        <F>94</F>
        <F>200</F>
        <F>201</F>
        <F>99</F>
        <F>98</F>
      </Row>
      <Row index="64">
        <F>551.2437280944824</F>
        <F>552.3354521618653</F>
        <F>90</F>
        <F>92</F>
        <F>200</F>
        <F>200</F>
        <F>100</F>
        <F>99</F>
      </Row>
      <Row index="65">
        <F>550.1520040270996</F>
        <F>551.2437280944824</F>
        <F>88</F>
        <F>90</F>
        <F>199</F>
        <F>200</F>
        <F>101</F>
        <F>100</F>
      </Row>
      <Row index="66">
        <F>549.0574949493408</F>
        <F>550.1520040270996</F>
        <F>86</F>
        <F>88</F>
        <F>198</F>
        <F>199</F>
        <F>103</F>
        <F>101</F>
      </Row>
      <Row index="67">
        <F>547.965770881958</F>
        <F>549.0574949493408</F>
        <F>84</F>
        <F>86</F>
        <F>197</F>
        <F>198</F>
        <F>104</F>
        <F>103</F>
      </Row>
      <Row index="68">
        <F>546.8740468145752</F>
        <F>547.965770881958</F>
        <F>82</F>
        <F>84</F>
        <F>197</F>
        <F>197</F>
        <F>105</F>
        <F>104</F>
      </Row>
      <Row index="69">
        <F>545.7823227471924</F>
        <F>546.8740468145752</F>
        <F>80</F>
        <F>82</F>
        <F>196</F>
        <F>197</F>
        <F>106</F>
        <F>105</F>
      </Row>
      <Row index="70">
        <F>544.6905986798096</F>
        <F>545.7823227471924</F>
        <F>78</F>
        <F>80</F>
        <F>195</F>
        <F>196</F>
        <F>107</F>
        <F>106</F>
      </Row>
      <Row index="71">
        <F>543.5988746124267</F>
        <F>544.6905986798096</F>
        <F>76</F>
        <F>78</F>
        <F>194</F>
        <F>195</F>
        <F>108</F>
        <F>107</F>
      </Row>
      <Row index="72">
        <F>542.5071505450439</F>
        <F>543.5988746124267</F>
        <F>74</F>
        <F>76</F>
        <F>193</F>
        <F>194</F>
        <F>109</F>
        <F>108</F>
      </Row>
      <Row index="73">
        <F>541.4126414672851</F>
        <F>542.5071505450439</F>
        <F>72</F>
        <F>74</F>
        <F>193</F>
        <F>193</F>
        <F>110</F>
        <F>109</F>
      </Row>
      <Row index="74">
        <F>540.3209173999023</F>
        <F>541.4126414672851</F>
        <F>70</F>
        <F>72</F>
        <F>192</F>
        <F>193</F>
        <F>111</F>
        <F>110</F>
      </Row>
      <Row index="75">
        <F>539.2291933325196</F>
        <F>540.3209173999023</F>
        <F>68</F>
        <F>70</F>
        <F>191</F>
        <F>192</F>
        <F>112</F>
        <F>111</F>
      </Row>
      <Row index="76">
        <F>538.1374692651367</F>
        <F>539.2291933325196</F>
        <F>66</F>
        <F>68</F>
        <F>190</F>
        <F>191</F>
        <F>113</F>
        <F>112</F>
      </Row>
      <Row index="77">
        <F>537.0457451977539</F>
        <F>538.1374692651367</F>
        <F>64</F>
        <F>66</F>
        <F>189</F>
        <F>190</F>
        <F>114</F>
        <F>113</F>
      </Row>
      <Row index="78">
        <F>535.9540211303711</F>
        <F>537.0457451977539</F>
        <F>63</F>
        <F>64</F>
        <F>188</F>
        <F>189</F>
        <F>115</F>
        <F>114</F>
      </Row>
      <Row index="79">
        <F>534.8595120526122</F>
        <F>535.9540211303711</F>
        <F>61</F>
        <F>63</F>
        <F>188</F>
        <F>188</F>
        <F>116</F>
        <F>115</F>
      </Row>
      <Row index="80">
        <F>533.7677879852295</F>
        <F>534.8595120526122</F>
        <F>59</F>
        <F>61</F>
        <F>187</F>
        <F>188</F>
        <F>117</F>
        <F>116</F>
      </Row>
      <Row index="81">
        <F>532.6760639178467</F>
        <F>533.7677879852295</F>
        <F>58</F>
        <F>59</F>
        <F>186</F>
        <F>187</F>
        <F>118</F>
        <F>117</F>
      </Row>
      <Row index="82">
        <F>531.5843398504638</F>
        <F>532.6760639178467</F>
        <F>56</F>
        <F>58</F>
        <F>185</F>
        <F>186</F>
        <F>119</F>
        <F>118</F>
      </Row>
      <Row index="83">
        <F>530.4926157830811</F>
        <F>531.5843398504638</F>
        <F>55</F>
        <F>56</F>
        <F>184</F>
        <F>185</F>
        <F>120</F>
        <F>119</F>
      </Row>
      <Row index="84">
        <F>529.4008917156982</F>
        <F>530.4926157830811</F>
        <F>53</F>
        <F>55</F>
        <F>183</F>
        <F>184</F>
        <F>121</F>
        <F>120</F>
      </Row>
      <Row index="85">
        <F>528.3091676483155</F>
        <F>529.4008917156982</F>
        <F>52</F>
        <F>53</F>
        <F>182</F>
        <F>183</F>
        <F>121</F>
        <F>121</F>
      </Row>
      <Row index="86">
        <F>527.2146585705566</F>
        <F>528.3091676483155</F>
        <F>50</F>
        <F>52</F>
        <F>182</F>
        <F>182</F>
        <F>122</F>
        <F>121</F>
      </Row>
      <Row index="87">
        <F>526.1229345031738</F>
        <F>527.2146585705566</F>
        <F>49</F>
        <F>50</F>
        <F>181</F>
        <F>182</F>
        <F>123</F>
        <F>122</F>
      </Row>
      <Row index="88">
        <F>525.0312104357911</F>
        <F>526.1229345031738</F>
        <F>47</F>
        <F>49</F>
        <F>180</F>
        <F>181</F>
        <F>124</F>
        <F>123</F>
      </Row>
      <Row index="89">
        <F>523.9394863684082</F>
        <F>525.0312104357911</F>
        <F>46</F>
        <F>47</F>
        <F>179</F>
        <F>180</F>
        <F>124</F>
        <F>124</F>
      </Row>
      <Row index="90">
        <F>522.8477623010253</F>
        <F>523.9394863684082</F>
        <F>45</F>
        <F>46</F>
        <F>178</F>
        <F>179</F>
        <F>125</F>
        <F>124</F>
      </Row>
      <Row index="91">
        <F>521.7560382336426</F>
        <F>522.8477623010253</F>
        <F>44</F>
        <F>45</F>
        <F>177</F>
        <F>178</F>
        <F>126</F>
        <F>125</F>
      </Row>
      <Row index="92">
        <F>520.6615291558837</F>
        <F>521.7560382336426</F>
        <F>42</F>
        <F>44</F>
        <F>176</F>
        <F>177</F>
        <F>127</F>
        <F>126</F>
      </Row>
      <Row index="93">
        <F>519.569805088501</F>
        <F>520.6615291558837</F>
        <F>41</F>
        <F>42</F>
        <F>175</F>
        <F>176</F>
        <F>127</F>
        <F>127</F>
      </Row>
      <Row index="94">
        <F>518.4780810211182</F>
        <F>519.569805088501</F>
        <F>40</F>
        <F>41</F>
        <F>174</F>
        <F>175</F>
        <F>128</F>
        <F>127</F>
      </Row>
      <Row index="95">
        <F>517.3863569537353</F>
        <F>518.4780810211182</F>
        <F>39</F>
        <F>40</F>
        <F>173</F>
        <F>174</F>
        <F>129</F>
        <F>128</F>
      </Row>
      <Row index="96">
        <F>516.2946328863525</F>
        <F>517.3863569537353</F>
        <F>38</F>
        <F>39</F>
        <F>173</F>
        <F>173</F>
        <F>129</F>
        <F>129</F>
      </Row>
      <Row index="97">
        <F>515.2029088189697</F>
        <F>516.2946328863525</F>
        <F>37</F>
        <F>38</F>
        <F>172</F>
        <F>173</F>
        <F>130</F>
        <F>129</F>
      </Row>
      <Row index="98">
        <F>514.1083997412109</F>
        <F>515.2029088189697</F>
        <F>37</F>
        <F>37</F>
        <F>171</F>
        <F>172</F>
        <F>130</F>
        <F>130</F>
      </Row>
      <Row index="99">
        <F>513.0166756738281</F>
        <F>514.1083997412109</F>
        <F>36</F>
        <F>37</F>
        <F>170</F>
        <F>171</F>
        <F>131</F>
        <F>130</F>
      </Row>
      <Row index="100">
        <F>511.9249516064453</F>
        <F>513.0166756738281</F>
        <F>35</F>
        <F>36</F>
        <F>169</F>
        <F>170</F>
        <F>131</F>
        <F>131</F>
      </Row>
      <Row index="101">
        <F>510.8332275390625</F>
        <F>511.9249516064453</F>
        <F>34</F>
        <F>35</F>
        <F>168</F>
        <F>169</F>
        <F>132</F>
        <F>131</F>
      </Row>
      <Row index="102">
        <F>509.7415034716797</F>
        <F>510.8332275390625</F>
        <F>34</F>
        <F>34</F>
        <F>167</F>
        <F>168</F>
        <F>133</F>
        <F>132</F>
      </Row>
      <Row index="103">
        <F>508.6497794042969</F>
        <F>509.7415034716797</F>
        <F>33</F>
        <F>34</F>
        <F>166</F>
        <F>167</F>
        <F>133</F>
        <F>133</F>
      </Row>
      <Row index="104">
        <F>507.5580553369141</F>
        <F>508.6497794042969</F>
        <F>33</F>
        <F>33</F>
        <F>165</F>
        <F>166</F>
        <F>133</F>
        <F>133</F>
      </Row>
      <Row index="105">
        <F>506.4635462591552</F>
        <F>507.5580553369141</F>
        <F>32</F>
        <F>33</F>
        <F>164</F>
        <F>165</F>
        <F>134</F>
        <F>133</F>
      </Row>
      <Row index="106">
        <F>505.3718221917725</F>
        <F>506.4635462591552</F>
        <F>32</F>
        <F>32</F>
        <F>163</F>
        <F>164</F>
        <F>134</F>
        <F>134</F>
      </Row>
      <Row index="107">
        <F>504.2800981243897</F>
        <F>505.3718221917725</F>
        <F>31</F>
        <F>32</F>
        <F>162</F>
        <F>163</F>
        <F>135</F>
        <F>134</F>
      </Row>
      <Row index="108">
        <F>503.1883740570069</F>
        <F>504.2800981243897</F>
        <F>31</F>
        <F>31</F>
        <F>161</F>
        <F>162</F>
        <F>135</F>
        <F>135</F>
      </Row>
      <Row index="109">
        <F>502.096649989624</F>
        <F>503.1883740570069</F>
        <F>31</F>
        <F>31</F>
        <F>161</F>
        <F>161</F>
        <F>136</F>
        <F>135</F>
      </Row>
      <Row index="110">
        <F>501.0049259222412</F>
        <F>502.096649989624</F>
        <F>31</F>
        <F>31</F>
        <F>160</F>
        <F>161</F>
        <F>136</F>
        <F>136</F>
      </Row>
      <Row index="111">
        <F>499.9104168444824</F>
        <F>501.0049259222412</F>
        <F>31</F>
        <F>31</F>
        <F>159</F>
        <F>160</F>
        <F>136</F>
        <F>136</F>
      </Row>
      <Row index="112">
        <F>498.8186927770996</F>
        <F>499.9104168444824</F>
        <F>31</F>
        <F>31</F>
        <F>158</F>
        <F>159</F>
        <F>137</F>
        <F>136</F>
      </Row>
      <Row index="113">
        <F>497.7269687097168</F>
        <F>498.8186927770996</F>
        <F>30</F>
        <F>31</F>
        <F>157</F>
        <F>158</F>
        <F>137</F>
        <F>137</F>
      </Row>
      <Row index="114">
        <F>496.635244642334</F>
        <F>497.7269687097168</F>
        <F>30</F>
        <F>30</F>
        <F>156</F>
        <F>157</F>
        <F>137</F>
        <F>137</F>
      </Row>
      <Row index="115">
        <F>495.5435205749512</F>
        <F>496.635244642334</F>
        <F>30</F>
        <F>30</F>
        <F>155</F>
        <F>156</F>
        <F>138</F>
        <F>137</F>
      </Row>
      <Row index="116">
        <F>494.4517965075684</F>
        <F>495.5435205749512</F>
        <F>31</F>
        <F>30</F>
        <F>154</F>
        <F>155</F>
        <F>138</F>
        <F>138</F>
      </Row>
      <Row index="117">
        <F>493.3572874298096</F>
        <F>494.4517965075684</F>
        <F>31</F>
        <F>31</F>
        <F>153</F>
        <F>154</F>
        <F>138</F>
        <F>138</F>
      </Row>
      <Row index="118">
        <F>492.2655633624267</F>
        <F>493.3572874298096</F>
        <F>31</F>
        <F>31</F>
        <F>152</F>
        <F>153</F>
        <F>139</F>
        <F>138</F>
      </Row>
      <Row index="119">
        <F>491.173839295044</F>
        <F>492.2655633624267</F>
        <F>31</F>
        <F>31</F>
        <F>151</F>
        <F>152</F>
        <F>139</F>
        <F>139</F>
      </Row>
      <Row index="120">
        <F>490.0821152276611</F>
        <F>491.173839295044</F>
        <F>31</F>
        <F>31</F>
        <F>150</F>
        <F>151</F>
        <F>139</F>
        <F>139</F>
      </Row>
      <Row index="121">
        <F>488.9903911602783</F>
        <F>490.0821152276611</F>
        <F>31</F>
        <F>31</F>
        <F>149</F>
        <F>150</F>
        <F>139</F>
        <F>139</F>
      </Row>
      <Row index="122">
        <F>487.8986670928955</F>
        <F>488.9903911602783</F>
        <F>31</F>
        <F>31</F>
        <F>148</F>
        <F>149</F>
        <F>140</F>
        <F>139</F>
      </Row>
      <Row index="123">
        <F>486.8069430255127</F>
        <F>487.8986670928955</F>
        <F>32</F>
        <F>31</F>
        <F>147</F>
        <F>148</F>
        <F>140</F>
        <F>140</F>
      </Row>
      <Row index="124">
        <F>485.7124339477539</F>
        <F>486.8069430255127</F>
        <F>32</F>
        <F>32</F>
        <F>146</F>
        <F>147</F>
        <F>140</F>
        <F>140</F>
      </Row>
      <Row index="125">
        <F>484.6207098803711</F>
        <F>485.7124339477539</F>
        <F>32</F>
        <F>32</F>
        <F>146</F>
        <F>146</F>
        <F>140</F>
        <F>140</F>
      </Row>
      <Row index="126">
        <F>483.5289858129883</F>
        <F>484.6207098803711</F>
        <F>33</F>
        <F>32</F>
        <F>145</F>
        <F>146</F>
        <F>140</F>
        <F>140</F>
      </Row>
      <Row index="127">
        <F>482.4372617456055</F>
        <F>483.5289858129883</F>
        <F>33</F>
        <F>33</F>
        <F>144</F>
        <F>145</F>
        <F>141</F>
        <F>140</F>
      </Row>
      <Row index="128">
        <F>481.3455376782226</F>
        <F>482.4372617456055</F>
        <F>33</F>
        <F>33</F>
        <F>143</F>
        <F>144</F>
        <F>141</F>
        <F>141</F>
      </Row>
      <Row index="129">
        <F>480.2538136108399</F>
        <F>481.3455376782226</F>
        <F>33</F>
        <F>33</F>
        <F>142</F>
        <F>143</F>
        <F>141</F>
        <F>141</F>
      </Row>
      <Row index="130">
        <F>479.1593045330811</F>
        <F>480.2538136108399</F>
        <F>34</F>
        <F>33</F>
        <F>141</F>
        <F>142</F>
        <F>141</F>
        <F>141</F>
      </Row>
      <Row index="131">
        <F>478.0675804656983</F>
        <F>479.1593045330811</F>
        <F>34</F>
        <F>34</F>
        <F>140</F>
        <F>141</F>
        <F>141</F>
        <F>141</F>
      </Row>
      <Row index="132">
        <F>476.9758563983154</F>
        <F>478.0675804656983</F>
        <F>34</F>
        <F>34</F>
        <F>139</F>
        <F>140</F>
        <F>141</F>
        <F>141</F>
      </Row>
      <Row index="133">
        <F>475.8841323309326</F>
        <F>476.9758563983154</F>
        <F>35</F>
        <F>34</F>
        <F>138</F>
        <F>139</F>
        <F>141</F>
        <F>141</F>
      </Row>
      <Row index="134">
        <F>474.7924082635498</F>
        <F>475.8841323309326</F>
        <F>35</F>
        <F>35</F>
        <F>137</F>
        <F>138</F>
        <F>142</F>
        <F>141</F>
      </Row>
      <Row index="135">
        <F>473.700684196167</F>
        <F>474.7924082635498</F>
        <F>35</F>
        <F>35</F>
        <F>136</F>
        <F>137</F>
        <F>142</F>
        <F>142</F>
      </Row>
      <Row index="136">
        <F>472.6089601287842</F>
        <F>473.700684196167</F>
        <F>36</F>
        <F>35</F>
        <F>135</F>
        <F>136</F>
        <F>142</F>
        <F>142</F>
      </Row>
      <Row index="137">
        <F>471.5144510510254</F>
        <F>472.6089601287842</F>
        <F>36</F>
        <F>36</F>
        <F>134</F>
        <F>135</F>
        <F>142</F>
        <F>142</F>
      </Row>
      <Row index="138">
        <F>470.4227269836426</F>
        <F>471.5144510510254</F>
        <F>37</F>
        <F>36</F>
        <F>133</F>
        <F>134</F>
        <F>142</F>
        <F>142</F>
      </Row>
      <Row index="139">
        <F>469.3310029162598</F>
        <F>470.4227269836426</F>
        <F>37</F>
        <F>37</F>
        <F>132</F>
        <F>133</F>
        <F>142</F>
        <F>142</F>
      </Row>
      <Row index="140">
        <F>468.2392788488769</F>
        <F>469.3310029162598</F>
        <F>37</F>
        <F>37</F>
        <F>131</F>
        <F>132</F>
        <F>142</F>
        <F>142</F>
      </Row>
      <Row index="141">
        <F>467.1475547814941</F>
        <F>468.2392788488769</F>
        <F>38</F>
        <F>37</F>
        <F>130</F>
        <F>131</F>
        <F>142</F>
        <F>142</F>
      </Row>
      <Row index="142">
        <F>466.0558307141113</F>
        <F>467.1475547814941</F>
        <F>38</F>
        <F>38</F>
        <F>130</F>
        <F>130</F>
        <F>142</F>
        <F>142</F>
      </Row>
      <Row index="143">
        <F>464.9613216363525</F>
        <F>466.0558307141113</F>
        <F>38</F>
        <F>38</F>
        <F>129</F>
        <F>130</F>
        <F>142</F>
        <F>142</F>
      </Row>
      <Row index="144">
        <F>463.8695975689698</F>
        <F>464.9613216363525</F>
        <F>39</F>
        <F>38</F>
        <F>128</F>
        <F>129</F>
        <F>142</F>
        <F>142</F>
      </Row>
      <Row index="145">
        <F>462.7778735015869</F>
        <F>463.8695975689698</F>
        <F>39</F>
        <F>39</F>
        <F>127</F>
        <F>128</F>
        <F>142</F>
        <F>142</F>
      </Row>
      <Row index="146">
        <F>461.6861494342041</F>
        <F>462.7778735015869</F>
        <F>39</F>
        <F>39</F>
        <F>126</F>
        <F>127</F>
        <F>142</F>
        <F>142</F>
      </Row>
      <Row index="147">
        <F>460.5944253668213</F>
        <F>461.6861494342041</F>
        <F>40</F>
        <F>39</F>
        <F>125</F>
        <F>126</F>
        <F>142</F>
        <F>142</F>
      </Row>
      <Row index="148">
        <F>459.5027012994385</F>
        <F>460.5944253668213</F>
        <F>40</F>
        <F>40</F>
        <F>124</F>
        <F>125</F>
        <F>142</F>
        <F>142</F>
      </Row>
      <Row index="149">
        <F>458.4081922216797</F>
        <F>459.5027012994385</F>
        <F>41</F>
        <F>40</F>
        <F>123</F>
        <F>124</F>
        <F>142</F>
        <F>142</F>
      </Row>
      <Row index="150">
        <F>457.3164681542969</F>
        <F>458.4081922216797</F>
        <F>41</F>
        <F>41</F>
        <F>122</F>
        <F>123</F>
        <F>142</F>
        <F>142</F>
      </Row>
      <Row index="151">
        <F>456.2247440869141</F>
        <F>457.3164681542969</F>
        <F>41</F>
        <F>41</F>
        <F>121</F>
        <F>122</F>
        <F>142</F>
        <F>142</F>
      </Row>
      <Row index="152">
        <F>455.1330200195313</F>
        <F>456.2247440869141</F>
        <F>42</F>
        <F>41</F>
        <F>120</F>
        <F>121</F>
        <F>142</F>
        <F>142</F>
      </Row>
      <Row index="153">
        <F>454.0412959521484</F>
        <F>455.1330200195313</F>
        <F>42</F>
        <F>42</F>
        <F>119</F>
        <F>120</F>
        <F>142</F>
        <F>142</F>
      </Row>
      <Row index="154">
        <F>452.9495718847656</F>
        <F>454.0412959521484</F>
        <F>42</F>
        <F>42</F>
        <F>118</F>
        <F>119</F>
        <F>142</F>
        <F>142</F>
      </Row>
      <Row index="155">
        <F>451.8578478173828</F>
        <F>452.9495718847656</F>
        <F>43</F>
        <F>42</F>
        <F>117</F>
        <F>118</F>
        <F>142</F>
        <F>142</F>
      </Row>
      <Row index="156">
        <F>450.763338739624</F>
        <F>451.8578478173828</F>
        <F>43</F>
        <F>43</F>
        <F>116</F>
        <F>117</F>
        <F>142</F>
        <F>142</F>
      </Row>
      <Row index="157">
        <F>449.6716146722412</F>
        <F>450.763338739624</F>
        <F>44</F>
        <F>43</F>
        <F>115</F>
        <F>116</F>
        <F>142</F>
        <F>142</F>
      </Row>
      <Row index="158">
        <F>448.5798906048584</F>
        <F>449.6716146722412</F>
        <F>44</F>
        <F>44</F>
        <F>114</F>
        <F>115</F>
        <F>142</F>
        <F>142</F>
      </Row>
      <Row index="159">
        <F>447.4881665374756</F>
        <F>448.5798906048584</F>
        <F>44</F>
        <F>44</F>
        <F>113</F>
        <F>114</F>
        <F>142</F>
        <F>142</F>
      </Row>
      <Row index="160">
        <F>446.3964424700928</F>
        <F>447.4881665374756</F>
        <F>45</F>
        <F>44</F>
        <F>113</F>
        <F>113</F>
        <F>142</F>
        <F>142</F>
      </Row>
      <Row index="161">
        <F>445.30471840271</F>
        <F>446.3964424700928</F>
        <F>45</F>
        <F>45</F>
        <F>112</F>
        <F>113</F>
        <F>142</F>
        <F>142</F>
      </Row>
      <Row index="162">
        <F>444.2102093249512</F>
        <F>445.30471840271</F>
        <F>46</F>
        <F>45</F>
        <F>111</F>
        <F>112</F>
        <F>142</F>
        <F>142</F>
      </Row>
      <Row index="163">
        <F>443.1184852575684</F>
        <F>444.2102093249512</F>
        <F>46</F>
        <F>46</F>
        <F>110</F>
        <F>111</F>
        <F>142</F>
        <F>142</F>
      </Row>
      <Row index="164">
        <F>442.0267611901855</F>
        <F>443.1184852575684</F>
        <F>46</F>
        <F>46</F>
        <F>109</F>
        <F>110</F>
        <F>142</F>
        <F>142</F>
      </Row>
      <Row index="165">
        <F>440.9350371228027</F>
        <F>442.0267611901855</F>
        <F>47</F>
        <F>46</F>
        <F>108</F>
        <F>109</F>
        <F>142</F>
        <F>142</F>
      </Row>
      <Row index="166">
        <F>439.8433130554199</F>
        <F>440.9350371228027</F>
        <F>47</F>
        <F>47</F>
        <F>107</F>
        <F>108</F>
        <F>142</F>
        <F>142</F>
      </Row>
      <Row index="167">
        <F>438.7515889880371</F>
        <F>439.8433130554199</F>
        <F>48</F>
        <F>47</F>
        <F>106</F>
        <F>107</F>
        <F>142</F>
        <F>142</F>
      </Row>
      <Row index="168">
        <F>437.6570799102783</F>
        <F>438.7515889880371</F>
        <F>48</F>
        <F>48</F>
        <F>105</F>
        <F>106</F>
        <F>142</F>
        <F>142</F>
      </Row>
      <Row index="169">
        <F>436.5653558428955</F>
        <F>437.6570799102783</F>
        <F>49</F>
        <F>48</F>
        <F>104</F>
        <F>105</F>
        <F>142</F>
        <F>142</F>
      </Row>
      <Row index="170">
        <F>435.4736317755127</F>
        <F>436.5653558428955</F>
        <F>49</F>
        <F>49</F>
        <F>103</F>
        <F>104</F>
        <F>142</F>
        <F>142</F>
      </Row>
      <Row index="171">
        <F>434.3819077081299</F>
        <F>435.4736317755127</F>
        <F>49</F>
        <F>49</F>
        <F>102</F>
        <F>103</F>
        <F>142</F>
        <F>142</F>
      </Row>
      <Row index="172">
        <F>433.290183640747</F>
        <F>434.3819077081299</F>
        <F>50</F>
        <F>49</F>
        <F>101</F>
        <F>102</F>
        <F>142</F>
        <F>142</F>
      </Row>
      <Row index="173">
        <F>432.1984595733643</F>
        <F>433.290183640747</F>
        <F>50</F>
        <F>50</F>
        <F>100</F>
        <F>101</F>
        <F>142</F>
        <F>142</F>
      </Row>
      <Row index="174">
        <F>431.1067355059814</F>
        <F>432.1984595733643</F>
        <F>51</F>
        <F>50</F>
        <F>99</F>
        <F>100</F>
        <F>141</F>
        <F>142</F>
      </Row>
      <Row index="175">
        <F>430.0122264282227</F>
        <F>431.1067355059814</F>
        <F>51</F>
        <F>51</F>
        <F>98</F>
        <F>99</F>
        <F>141</F>
        <F>141</F>
      </Row>
      <Row index="176">
        <F>428.9205023608398</F>
        <F>430.0122264282227</F>
        <F>52</F>
        <F>51</F>
        <F>97</F>
        <F>98</F>
        <F>141</F>
        <F>141</F>
      </Row>
      <Row index="177">
        <F>427.828778293457</F>
        <F>428.9205023608398</F>
        <F>52</F>
        <F>52</F>
        <F>96</F>
        <F>97</F>
        <F>141</F>
        <F>141</F>
      </Row>
      <Row index="178">
        <F>426.7370542260742</F>
        <F>427.828778293457</F>
        <F>53</F>
        <F>52</F>
        <F>95</F>
        <F>96</F>
        <F>141</F>
        <F>141</F>
      </Row>
      <Row index="179">
        <F>425.6453301586914</F>
        <F>426.7370542260742</F>
        <F>53</F>
        <F>53</F>
        <F>94</F>
        <F>95</F>
        <F>141</F>
        <F>141</F>
      </Row>
      <Row index="180">
        <F>424.5536060913086</F>
        <F>425.6453301586914</F>
        <F>54</F>
        <F>53</F>
        <F>93</F>
        <F>94</F>
        <F>141</F>
        <F>141</F>
      </Row>
      <Row index="181">
        <F>423.4590970135498</F>
        <F>424.5536060913086</F>
        <F>54</F>
        <F>54</F>
        <F>92</F>
        <F>93</F>
        <F>141</F>
        <F>141</F>
      </Row>
      <Row index="182">
        <F>422.367372946167</F>
        <F>423.4590970135498</F>
        <F>55</F>
        <F>54</F>
        <F>91</F>
        <F>92</F>
        <F>141</F>
        <F>141</F>
      </Row>
      <Row index="183">
        <F>421.2756488787842</F>
        <F>422.367372946167</F>
        <F>55</F>
        <F>55</F>
        <F>90</F>
        <F>91</F>
        <F>140</F>
        <F>141</F>
      </Row>
      <Row index="184">
        <F>420.1839248114014</F>
        <F>421.2756488787842</F>
        <F>56</F>
        <F>55</F>
        <F>89</F>
        <F>90</F>
        <F>140</F>
        <F>140</F>
      </Row>
      <Row index="185">
        <F>419.0922007440186</F>
        <F>420.1839248114014</F>
        <F>56</F>
        <F>56</F>
        <F>88</F>
        <F>89</F>
        <F>140</F>
        <F>140</F>
      </Row>
      <Row index="186">
        <F>418.0004766766357</F>
        <F>419.0922007440186</F>
        <F>57</F>
        <F>56</F>
        <F>86</F>
        <F>88</F>
        <F>140</F>
        <F>140</F>
      </Row>
      <Row index="187">
        <F>416.9087526092529</F>
        <F>418.0004766766357</F>
        <F>57</F>
        <F>57</F>
        <F>85</F>
        <F>86</F>
        <F>140</F>
        <F>140</F>
      </Row>
      <Row index="188">
        <F>415.8142435314941</F>
        <F>416.9087526092529</F>
        <F>58</F>
        <F>57</F>
        <F>84</F>
        <F>85</F>
        <F>140</F>
        <F>140</F>
      </Row>
      <Row index="189">
        <F>414.7225194641113</F>
        <F>415.8142435314941</F>
        <F>58</F>
        <F>58</F>
        <F>83</F>
        <F>84</F>
        <F>139</F>
        <F>140</F>
      </Row>
      <Row index="190">
        <F>413.6307953967285</F>
        <F>414.7225194641113</F>
        <F>59</F>
        <F>58</F>
        <F>82</F>
        <F>83</F>
        <F>139</F>
        <F>139</F>
      </Row>
      <Row index="191">
        <F>412.5390713293457</F>
        <F>413.6307953967285</F>
        <F>59</F>
        <F>59</F>
        <F>81</F>
        <F>82</F>
        <F>139</F>
        <F>139</F>
      </Row>
      <Row index="192">
        <F>411.4473472619629</F>
        <F>412.5390713293457</F>
        <F>60</F>
        <F>59</F>
        <F>80</F>
        <F>81</F>
        <F>139</F>
        <F>139</F>
      </Row>
      <Row index="193">
        <F>410.3556231945801</F>
        <F>411.4473472619629</F>
        <F>60</F>
        <F>60</F>
        <F>79</F>
        <F>80</F>
        <F>138</F>
        <F>139</F>
      </Row>
      <Row index="194">
        <F>409.2611141168213</F>
        <F>410.3556231945801</F>
        <F>61</F>
        <F>60</F>
        <F>78</F>
        <F>79</F>
        <F>138</F>
        <F>138</F>
      </Row>
      <Row index="195">
        <F>408.1693900494384</F>
        <F>409.2611141168213</F>
        <F>61</F>
        <F>61</F>
        <F>77</F>
        <F>78</F>
        <F>138</F>
        <F>138</F>
      </Row>
      <Row index="196">
        <F>407.0776659820557</F>
        <F>408.1693900494384</F>
        <F>62</F>
        <F>61</F>
        <F>76</F>
        <F>77</F>
        <F>138</F>
        <F>138</F>
      </Row>
      <Row index="197">
        <F>405.9859419146728</F>
        <F>407.0776659820557</F>
        <F>62</F>
        <F>62</F>
        <F>74</F>
        <F>76</F>
        <F>137</F>
        <F>138</F>
      </Row>
      <Row index="198">
        <F>404.89421784729</F>
        <F>405.9859419146728</F>
        <F>62</F>
        <F>62</F>
        <F>73</F>
        <F>74</F>
        <F>137</F>
        <F>137</F>
      </Row>
      <Row index="199">
        <F>403.8024937799072</F>
        <F>404.89421784729</F>
        <F>63</F>
        <F>62</F>
        <F>72</F>
        <F>73</F>
        <F>137</F>
        <F>137</F>
      </Row>
      <Row index="200">
        <F>402.7079847021485</F>
        <F>403.8024937799072</F>
        <F>63</F>
        <F>63</F>
        <F>71</F>
        <F>72</F>
        <F>136</F>
        <F>137</F>
      </Row>
      <Row index="201">
        <F>401.6162606347656</F>
        <F>402.7079847021485</F>
        <F>64</F>
        <F>63</F>
        <F>70</F>
        <F>71</F>
        <F>136</F>
        <F>136</F>
      </Row>
      <Row index="202">
        <F>400.5245365673828</F>
        <F>401.6162606347656</F>
        <F>64</F>
        <F>64</F>
        <F>69</F>
        <F>70</F>
        <F>136</F>
        <F>136</F>
      </Row>
      <Row index="203">
        <F>399.4328125</F>
        <F>400.5245365673828</F>
        <F>65</F>
        <F>64</F>
        <F>68</F>
        <F>69</F>
        <F>135</F>
        <F>136</F>
      </Row>
      <Row index="204">
        <F>398.3410884326172</F>
        <F>399.4328125</F>
        <F>65</F>
        <F>65</F>
        <F>66</F>
        <F>68</F>
        <F>135</F>
        <F>135</F>
      </Row>
      <Row index="205">
        <F>397.2493643652344</F>
        <F>398.3410884326172</F>
        <F>66</F>
        <F>65</F>
        <F>65</F>
        <F>66</F>
        <F>134</F>
        <F>135</F>
      </Row>
      <Row index="206">
        <F>396.1576402978516</F>
        <F>397.2493643652344</F>
        <F>66</F>
        <F>66</F>
        <F>64</F>
        <F>65</F>
        <F>134</F>
        <F>134</F>
      </Row>
      <Row index="207">
        <F>395.0631312200928</F>
        <F>396.1576402978516</F>
        <F>66</F>
        <F>66</F>
        <F>63</F>
        <F>64</F>
        <F>133</F>
        <F>134</F>
      </Row>
      <Row index="208">
        <F>393.97140715271</F>
        <F>395.0631312200928</F>
        <F>67</F>
        <F>66</F>
        <F>62</F>
        <F>63</F>
        <F>133</F>
        <F>133</F>
      </Row>
      <Row index="209">
        <F>392.8796830853271</F>
        <F>393.97140715271</F>
        <F>67</F>
        <F>67</F>
        <F>61</F>
        <F>62</F>
        <F>132</F>
        <F>133</F>
      </Row>
      <Row index="210">
        <F>391.7879590179443</F>
        <F>392.8796830853271</F>
        <F>68</F>
        <F>67</F>
        <F>59</F>
        <F>61</F>
        <F>132</F>
        <F>132</F>
      </Row>
      <Row index="211">
        <F>390.6962349505615</F>
        <F>391.7879590179443</F>
        <F>68</F>
        <F>68</F>
        <F>58</F>
        <F>59</F>
        <F>131</F>
        <F>132</F>
      </Row>
      <Row index="212">
        <F>389.6045108831787</F>
        <F>390.6962349505615</F>
        <F>68</F>
        <F>68</F>
        <F>57</F>
        <F>58</F>
        <F>131</F>
        <F>131</F>
      </Row>
      <Row index="213">
        <F>388.5100018054199</F>
        <F>389.6045108831787</F>
        <F>69</F>
        <F>68</F>
        <F>56</F>
        <F>57</F>
        <F>130</F>
        <F>131</F>
      </Row>
      <Row index="214">
        <F>387.4182777380371</F>
        <F>388.5100018054199</F>
        <F>69</F>
        <F>69</F>
        <F>55</F>
        <F>56</F>
        <F>129</F>
        <F>130</F>
      </Row>
      <Row index="215">
        <F>386.3265536706543</F>
        <F>387.4182777380371</F>
        <F>69</F>
        <F>69</F>
        <F>53</F>
        <F>55</F>
        <F>129</F>
        <F>129</F>
      </Row>
      <Row index="216">
        <F>385.2348296032715</F>
        <F>386.3265536706543</F>
        <F>70</F>
        <F>69</F>
        <F>52</F>
        <F>53</F>
        <F>128</F>
        <F>129</F>
      </Row>
      <Row index="217">
        <F>384.1431055358887</F>
        <F>385.2348296032715</F>
        <F>70</F>
        <F>70</F>
        <F>51</F>
        <F>52</F>
        <F>127</F>
        <F>128</F>
      </Row>
      <Row index="218">
        <F>383.0513814685058</F>
        <F>384.1431055358887</F>
        <F>70</F>
        <F>70</F>
        <F>50</F>
        <F>51</F>
        <F>126</F>
        <F>127</F>
      </Row>
      <Row index="219">
        <F>381.9568723907471</F>
        <F>383.0513814685058</F>
        <F>70</F>
        <F>70</F>
        <F>48</F>
        <F>50</F>
        <F>126</F>
        <F>126</F>
      </Row>
      <Row index="220">
        <F>380.8651483233643</F>
        <F>381.9568723907471</F>
        <F>71</F>
        <F>70</F>
        <F>47</F>
        <F>48</F>
        <F>125</F>
        <F>126</F>
      </Row>
      <Row index="221">
        <F>379.7734242559815</F>
        <F>380.8651483233643</F>
        <F>71</F>
        <F>71</F>
        <F>46</F>
        <F>47</F>
        <F>124</F>
        <F>125</F>
      </Row>
      <Row index="222">
        <F>378.6817001885987</F>
        <F>379.7734242559815</F>
        <F>71</F>
        <F>71</F>
        <F>45</F>
        <F>46</F>
        <F>123</F>
        <F>124</F>
      </Row>
      <Row index="223">
        <F>377.5899761212158</F>
        <F>378.6817001885987</F>
        <F>71</F>
        <F>71</F>
        <F>44</F>
        <F>45</F>
        <F>122</F>
        <F>123</F>
      </Row>
      <Row index="224">
        <F>376.498252053833</F>
        <F>377.5899761212158</F>
        <F>71</F>
        <F>71</F>
        <F>42</F>
        <F>44</F>
        <F>122</F>
        <F>122</F>
      </Row>
      <Row index="225">
        <F>375.4065279864502</F>
        <F>376.498252053833</F>
        <F>72</F>
        <F>71</F>
        <F>41</F>
        <F>42</F>
        <F>121</F>
        <F>122</F>
      </Row>
      <Row index="226">
        <F>374.3120189086914</F>
        <F>375.4065279864502</F>
        <F>72</F>
        <F>72</F>
        <F>40</F>
        <F>41</F>
        <F>120</F>
        <F>121</F>
      </Row>
      <Row index="227">
        <F>373.2202948413086</F>
        <F>374.3120189086914</F>
        <F>72</F>
        <F>72</F>
        <F>38</F>
        <F>40</F>
        <F>119</F>
        <F>120</F>
      </Row>
      <Row index="228">
        <F>372.1285707739258</F>
        <F>373.2202948413086</F>
        <F>72</F>
        <F>72</F>
        <F>37</F>
        <F>38</F>
        <F>118</F>
        <F>119</F>
      </Row>
      <Row index="229">
        <F>371.036846706543</F>
        <F>372.1285707739258</F>
        <F>72</F>
        <F>72</F>
        <F>36</F>
        <F>37</F>
        <F>117</F>
        <F>118</F>
      </Row>
      <Row index="230">
        <F>369.9451226391602</F>
        <F>371.036846706543</F>
        <F>72</F>
        <F>72</F>
        <F>35</F>
        <F>36</F>
        <F>116</F>
        <F>117</F>
      </Row>
      <Row index="231">
        <F>368.8533985717773</F>
        <F>369.9451226391602</F>
        <F>72</F>
        <F>72</F>
        <F>33</F>
        <F>35</F>
        <F>115</F>
        <F>116</F>
      </Row>
      <Row index="232">
        <F>367.7588894940185</F>
        <F>368.8533985717773</F>
        <F>72</F>
        <F>72</F>
        <F>32</F>
        <F>33</F>
        <F>113</F>
        <F>115</F>
      </Row>
      <Row index="233">
        <F>366.6671654266357</F>
        <F>367.7588894940185</F>
        <F>72</F>
        <F>72</F>
        <F>31</F>
        <F>32</F>
        <F>112</F>
        <F>113</F>
      </Row>
      <Row index="234">
        <F>365.5754413592529</F>
        <F>366.6671654266357</F>
        <F>72</F>
        <F>72</F>
        <F>29</F>
        <F>31</F>
        <F>111</F>
        <F>112</F>
      </Row>
      <Row index="235">
        <F>364.4837172918701</F>
        <F>365.5754413592529</F>
        <F>72</F>
        <F>72</F>
        <F>28</F>
        <F>29</F>
        <F>110</F>
        <F>111</F>
      </Row>
      <Row index="236">
        <F>363.3919932244873</F>
        <F>364.4837172918701</F>
        <F>72</F>
        <F>72</F>
        <F>27</F>
        <F>28</F>
        <F>109</F>
        <F>110</F>
      </Row>
      <Row index="237">
        <F>362.3002691571045</F>
        <F>363.3919932244873</F>
        <F>72</F>
        <F>72</F>
        <F>26</F>
        <F>27</F>
        <F>108</F>
        <F>109</F>
      </Row>
      <Row index="238">
        <F>361.2085450897217</F>
        <F>362.3002691571045</F>
        <F>72</F>
        <F>72</F>
        <F>24</F>
        <F>26</F>
        <F>106</F>
        <F>108</F>
      </Row>
      <Row index="239">
        <F>360.1140360119629</F>
        <F>361.2085450897217</F>
        <F>72</F>
        <F>72</F>
        <F>23</F>
        <F>24</F>
        <F>105</F>
        <F>106</F>
      </Row>
      <Row index="240">
        <F>359.0223119445801</F>
        <F>360.1140360119629</F>
        <F>72</F>
        <F>72</F>
        <F>22</F>
        <F>23</F>
        <F>104</F>
        <F>105</F>
      </Row>
      <Row index="241">
        <F>357.9305878771972</F>
        <F>359.0223119445801</F>
        <F>72</F>
        <F>72</F>
        <F>20</F>
        <F>22</F>
        <F>103</F>
        <F>104</F>
      </Row>
      <Row index="242">
        <F>356.8388638098144</F>
        <F>357.9305878771972</F>
        <F>71</F>
        <F>72</F>
        <F>19</F>
        <F>20</F>
        <F>101</F>
        <F>103</F>
      </Row>
      <Row index="243">
        <F>355.7471397424316</F>
        <F>356.8388638098144</F>
        <F>71</F>
        <F>71</F>
        <F>17</F>
        <F>19</F>
        <F>100</F>
        <F>101</F>
      </Row>
      <Row index="244">
        <F>354.6554156750489</F>
        <F>355.7471397424316</F>
        <F>71</F>
        <F>71</F>
        <F>16</F>
        <F>17</F>
        <F>99</F>
        <F>100</F>
      </Row>
      <Row index="245">
        <F>353.5609065972901</F>
        <F>354.6554156750489</F>
        <F>71</F>
        <F>71</F>
        <F>14</F>
        <F>16</F>
        <F>97</F>
        <F>99</F>
      </Row>
      <Row index="246">
        <F>352.4691825299072</F>
        <F>353.5609065972901</F>
        <F>71</F>
        <F>71</F>
        <F>13</F>
        <F>14</F>
        <F>96</F>
        <F>97</F>
      </Row>
      <Row index="247">
        <F>351.3774584625244</F>
        <F>352.4691825299072</F>
        <F>70</F>
        <F>71</F>
        <F>11</F>
        <F>13</F>
        <F>94</F>
        <F>96</F>
      </Row>
      <Row index="248">
        <F>350.2857343951416</F>
        <F>351.3774584625244</F>
        <F>70</F>
        <F>70</F>
        <F>10</F>
        <F>11</F>
        <F>93</F>
        <F>94</F>
      </Row>
      <Row index="249">
        <F>349.1940103277588</F>
        <F>350.2857343951416</F>
        <F>70</F>
        <F>70</F>
        <F>8</F>
        <F>10</F>
        <F>92</F>
        <F>93</F>
      </Row>
      <Row index="250">
        <F>348.102286260376</F>
        <F>349.1940103277588</F>
        <F>70</F>
        <F>70</F>
        <F>7</F>
        <F>8</F>
        <F>90</F>
        <F>92</F>
      </Row>
      <Row index="251">
        <F>347.0077771826172</F>
        <F>348.102286260376</F>
        <F>69</F>
        <F>70</F>
        <F>5</F>
        <F>7</F>
        <F>89</F>
        <F>90</F>
      </Row>
      <Row index="252">
        <F>345.9160531152344</F>
        <F>347.0077771826172</F>
        <F>69</F>
        <F>69</F>
        <F>4</F>
        <F>5</F>
        <F>87</F>
        <F>89</F>
      </Row>
      <Row index="253">
        <F>344.8243290478516</F>
        <F>345.9160531152344</F>
        <F>68</F>
        <F>69</F>
        <F>2</F>
        <F>4</F>
        <F>86</F>
        <F>87</F>
      </Row>
      <Row index="254">
        <F>343.7326049804688</F>
        <F>344.8243290478516</F>
        <F>68</F>
        <F>68</F>
        <F>1</F>
        <F>2</F>
        <F>84</F>
        <F>86</F>
      </Row>
    </GDALRasterAttributeTable>
  </PAMRasterBand>
</PAMDataset>
