nome,quota_m_s,giacitura,tecnologia,longitude,latitude,coord_E,coord_N,coord_NU,coord_EU,data inizi,data fine,conformita,altezzapl,altezzate,presenza e,presenza_1,presenza_2,presenza_3,presenza_4
ADEGLIACCO,"139",pianura,CAE,"13.228962533665891","46.11526695278417","2383157","5108398",,,18/06/2002,,PARZIALE,"350",,RR_suff,,,,
ALESSO,"213",pianura,CAE,"13.055621770871124","46.30923472313318","2370291","5130263",,,16/06/2005,,PARZIALE,"250","400",RR_ok,LOC,,,
ALNICCO,"186",pianura,CAE,"13.165748559489954","46.11785166263679","2378279","5108796",,,18/06/2002,,PARZIALE,"260",,RR_ok,,,,
ANDREIS,"455",fondovalle,CAE,"12.61180199060478","46.1988949565309","2335748","5118938",,,30/11/2000,,PARZIALE,"220","400",RR_ok,LOC,,,RAP
ARBA,"176",pianura,CAE,"12.808211267978548","46.142629636827245","2350729","5112249",,,17/10/1990,,PARZIALE,"220","800",RR_ok,ALT,LOC,RAP,
ARZENUTTO,"65",pianura,CAE,"12.870517271033496","46.01661605994126","2355166","5098117",,,09/01/1991,,NO,"220","150",RR_suff,ALT,,,
AVIANO,"150",pianura,CAE,"12.60275686241393","46.06437645395313","2334599","5104013",,,19/05/2009,,PARZIALE,"250","350",RR_ok,LOC,,,
AZZIDA,"165",fondovalle,CAE,"13.494680309366025","46.11838363223248","2403696","5108321",,,24/09/1999,,NO,"220","400",RR_suff,ALT,,,
BALDASS,"1817",versante N,CAE,"12.572989643665496","46.24226781899073","2332901","5123848",,,24/09/2009,,NO,"300","900",RR_suff,ALT,LOC,ALT,RAP
BARCIS,"410",versante S,CAE,"12.563568149447155","46.192854355482275","2332006","5118380",,,05/11/1990,,NO,"200","400",RR_suff,ALT,ALT,RAP,
BARCIS,"468",versante SE,MICROS,"12.571003949324027","46.19321970250171","2332581","5118403","5118380","312577",02/12/2004,,PARZIALE,"200","250",RR_suff,LOC,,RAP,
BASALDELLA DI VIVARO,"140",pianura,CAE,"12.790526168435127","46.08821548411441","2349195","5106241",,,14/04/2009,,NO,"250","200",RR_ok,ALT,,,
BEVORCHIANS,"744",versante SE,CAE,"13.189556872670622","46.48617424356374","2381054","5149679",,,27/05/2004,,PARZIALE,"300","500",RR_suff,LOC,,,
BICINICCO,"33",pianura,MICROS,"13.240105816891848","45.92883615744556","2383560","5087665","5087642","363556",06/05/2008,,SI,"150","200",RR_ok,RAP,LOC,,
BIVACCO BIANCHI,"1685",versante SW,CAE,"13.248693950449233","46.45620864653041","2385519","5146247",,,01/07/2010,,NO,"350","900",RR_suff,ALT,ALT,,ALT
BOA PALOMA,"5",costa/mare,MICROS,"13.564983146094598","45.61833120517339","2408129","5052662","5052639","388125",03/10/2002,,SI,"700","900",RR_alt,RAP,RAP,RAP,
BORDANO,"230",terrazzo/pianoro,MICROS,"13.081162359806898","46.33277813431073","2372321","5132831","5132808","352317",24/08/2004,,NO,"150","300",RR_alt,ALT,,,
BORGO GROTTA GIGANTE,"275",terrazzo/pianoro,MICROS,"13.764637748260713","45.709421939705756","2423851","5062523","5062500","403847",01/08/2007,,PARZIALE,"150","200",RR_ok,LOC,RAP,RAP,
BRUGNERA,"22",pianura,MICROS,"12.544981742894995","45.91798968373441","2329629","5087885","5087863","309625",28/07/1990,,PARZIALE,"150","200",RR_ok,RAP,RAP,RAP,
CA SELVA,"498",fondovalle,CAE,"12.700631328744269","46.25865105729275","2342794","5125375",,,30/03/2010,,NO,"220","200",RR_alt,ALT,,,
CA ZUL,"600",fondovalle,CAE,"12.71606504014929","46.29222479579603","2344091","5129071",,,30/03/2010,,NO,"220","200",RR_alt,ALT,,,
CAMPONE,"430",fondovalle,CAE,"12.83067614505794","46.25914199948613","2352818","5125147",,,22/09/2009,,PARZIALE,"250","450",RR_suff,ALT,,,
CANDAGLIA,"1258",fondovalle,CAE,"12.442866139153262","46.06413979453631","2322232","5104372",,,20/05/2010,,NO,"300","900",RR_ok,ALT,ALT,,RAP
CAPRIVA D.F.,"85",terrazzo/pianoro,MICROS,"13.512319128929786","45.95813167741596","2404726","5090490","5090466","384720",28/08/1990,,PARZIALE,"180","200",RR_suff,RAP,RAP,RAP,
CASERA DEL MESTRI,"1515",versante E,CAE,"13.141124652136646","46.48128417721955","2377324","5149222",,,25/11/2011,,NO,"300","900",RR_suff,LOC,ALT,,RAP
CASERA PIELTINIS,"1742",versante SE,CAE,"12.722958975772709","46.4841502561398","2345236","5150381",,,01/10/2008,,PARZIALE,"300","900",RR_ok,LOC,LOC,,RAP
CASERA PODESTINE,"1015",fondovalle,CAE,"12.60179606329835","46.297353670402046","2335307","5129901",,,23/09/2009,,PARZIALE,"300","900",RR_ok,LOC,ALT,,RAP
CASERA PRADUT,"1425",versante NW,CAE,"12.564020748419209","46.25586513980888","2332256","5125380",,,07/08/2009,,PARZIALE,"320","900",RR_suff,LOC,LOC,,RAP
CASERA ZOUFPLAN BASSA,"1671",versante SE,CAE,"12.983599317109945","46.5574511612016","2365449","5157982",,,28/07/2009,,NO,"300","900",RR_suff,ALT,ALT,,RAP
CASON DI LANZA,"1554",sella/passo,CAE,"13.168596255526653","46.567898600410196","2379656","5158797",,,06/11/2008,,PARZIALE,"300","900",RR_ok,LOC,ALT,,RAP
CAVE DEL PREDIL,"900",fondovalle,CAE,"13.570620545616935","46.44235462482117","2410213","5144210",,,26/10/2000,,NO,"200","400",RR_suff,ALT,,,
CAVE DEL PREDIL,"914",fondovalle,MICROS,"13.567660401700309","46.437079798409805","2409975","5143628","5143605","389971",26/10/2006,,SI,"250","250",RR_ok,RAP,,,RAP
CEDARCHIS,"402",fondovalle,CAE,"13.035881070277744","46.45639523164141","2369177","5146652",,,14/09/1999,,NO,"200","400",RR_alt,ALT,,,
CELLINO di Sopra,"508",fondovalle,CAE,"12.471342081590116","46.24656137066397","2325080","5124570",,,25/11/2010,,PARZIALE,"220","150",RR_suff,ALT,,,
CERNEGLONS,"91",pianura,CAE,"13.318098076111449","46.05586259236346","2389905","5101648",,,28/02/1995,,PARZIALE,"300",,RR_suff,,,,
CERVIGNANO STRASSOLDO,"8",pianura,MICROS,"13.33697869347907","45.84951741593126","2390887","5078691","5078668","370883",01/08/1992,,PARZIALE,"150","200",RR_ok,RAP,RAP,RAP,
CHIANSAVEIT,"1710",versante N,CAE,"12.626912262782785","46.452047152042155","2337757","5147031",,,02/10/2008,,PARZIALE,"300","900",RR_ok,LOC,LOC,,RAP
CHIEVOLIS,"345",versante S,MICROS,"12.734017578325963","46.254539003234264","2345354","5124844","5124821","325350",01/07/2004,,NO,"250","250",RR_suff,ALT,,RAP,
CHIOUT,"804",versante S,CAE,"13.37187206217415","46.45217046670248","2394969","5145596",,,14/10/1999,,NO,"400","350",RR_alt,ALT,,,
CHIUSAFORTE,"400",fondovalle,CAE,"13.317445026555953","46.40479100374457","2390677","5140419",,,12/10/1999,,NO,"250","500",RR_suff,ALT,,,
CILIA,"323",versante S,CAE,"12.794993729098298","46.22581572039013","2349965","5121520",,,02/10/1990,,NO,"250","350",RR_ok,LOC,,,
CIMOLAIS,"650",fondovalle,CAE,"12.440826480648393","46.28566251261071","2322868","5128990",,,22/09/1999,,PARZIALE,"250","450",RR_ok,LOC,,,RAP
CIVIDALE,"127",pianura,MICROS,"13.419975427559175","46.080465425034475","2397840","5104220","5104197","377836",10/08/1999,,SI,"150","200",RR_ok,RAP,RAP,RAP,
CIVIDALE T.P.,"130",pianura,CAE,"13.418322290225413","46.096669846120996","2397748","5106023",,,15/02/1995,,PARZIALE,"200","900",RR_ok,ALT,LOC,RAP,
CLAUT LESIS,"620",fondovalle,CAE,"12.544768363832706","46.27208524958573","2330828","5127228",,,21/09/1999,,NO,"270","450",RR_suff,ALT,,,
CLAUT TRE PINI,"563",fondovalle,CAE,"12.500171834626459","46.26357608784781","2327362","5126390",,,21/09/2010,,PARZIALE,"270","380",RR_ok,ALT,,,RAP
CLAUZETTO,"591",versante S,CAE,"12.917939162264616","46.22991318850571","2359458","5121719",,,15/06/2005,,NO,"250","400",RR_suff,ALT,,,
CLEULIS,"906",fondovalle,CAE,"13.005691274374882","46.5676481781634","2367171","5159072",,,13/09/2000,,NO,"200","400",RR_suff,ALT,,,
CODROIPO,"37",pianura,MICROS,"13.002711540344013","45.95238314334201","2365220","5090715","5090692","345216",20/07/1999,,SI,"150","200",RR_ok,RAP,RAP,RAP,
COL DELLA GALLINA METEO,"1336",vetta,CAE,"12.465892472418748","46.05485157919157","2323980","5103283",,,25/11/2010,,SI,,"1000",,RAP,RAP,,
COLLALTO BORGO DI SOTTO,"192",pianura,CAE,"13.2037753050714","46.19215767596973","2381404","5116985",,,19/06/2002,,PARZIALE,"300",,RR_ok,,,,
COLLINA (FORNIAVOLTRI),"1285",versante S,CAE,"12.839077233241525","46.58555366552222","2354457","5161398",,,29/06/2005,,NO,"250","400",RR_suff,ALT,,,
COLLOREDO,"102",pianura,CAE,"13.139536123028448","46.0572344068676","2376096","5102108",,,22/05/2009,,PARZIALE,"250","450",RR_suff,LOC,,,
COLLOREDO M.A.,"190",pianura,CAE,"13.145905030253006","46.16691510479764","2376873","5114283",,,18/06/2002,,PARZIALE,"250",,RR_suff,,,,
COMEGLIANS,"520",fondovalle,CAE,"12.864454281600755","46.50572663939256","2356161","5152475",,,15/09/1999,,NO,"250","400",RR_alt,ALT,,,
CORDENONS,"73",pianura,CAE,"12.700466940938906","46.009250973369426","2341979","5097665",,,11/03/2009,,NO,"200","180",RR_ok,LOC,LOC,RAP,
CORITIS,"641",terrazzo/pianoro,CAE,"13.392165114130691","46.347925993627946","2396292","5133981",,,25/10/2000,,NO,"250","400",RR_suff,ALT,,,RAP
CORITIS,"650",terrazzo/pianoro,MICROS,"13.395161701731004","46.34767111245683","2396522","5133948","5133925","376518",11/10/2001,,PARZIALE,"200","200",RR_ok,LOC,,,
CORMONS,"84",pianura,CAE,"13.453524708395056","45.97670160822887","2400210","5092640",,,02/04/2003,,NO,"250","900",RR_suff,ALT,ALT,RAP,
DOBERDO',"134",terrazzo/pianoro,CAE,"13.547264890765966","45.84300700572953","2407201","5077649",,,09/02/2010,,PARZIALE,"250","900",RR_suff,ALT,RAP,,
ENEMONZO,"438",fondovalle,MICROS,"12.862505946038862","46.41042771478192","2355725","5141890","5141867","335721",26/07/1994,,SI,"200","200",RR_ok,RAP,RAP,RAP,RAP
ERTO E CASSO,"851",versante S,CAE,"12.370622752696335","46.277759281457236","2317431","5128289",,,04/03/2009,,NO,"300","900",RR_alt,ALT,LOC,RAP,RAP
FAEDIS,"158",versante SW,MICROS,"13.352288150196564","46.1345542256367","2392731","5110336","5110313","372727",13/09/1990,,PARZIALE,"150","200",RR_ok,LOC,LOC,RAP,
FAGAGNA,"202",pianura,CAE,"13.0981430587262","46.11436124907211","2373046","5108531",,,16/11/2006,,PARZIALE,"250","500",RR_ok,LOC,,,
FAGAGNA,"148",pianura,MICROS,"13.073852852552564","46.10172305415504","2371135","5107172","5107148","351131",13/09/1990,,SI,"150","200",RR_ok,RAP,RAP,RAP,
FARRA D'ISONZO,"57",terrazzo/pianoro,CAE,"13.534304265378701","45.90837378184047","2406328","5084930",,,02/09/1992,,PARZIALE,"100",,RR_suff,,,,
FIUMICELLO SAN LORENZO,"2",pianura,CAE,"13.404815734622884","45.76612258438746","2395969","5069318",,,18/05/2012,,SI,"250","160",RR_ok,RAP,,,
FORCATE,"40",pianura,CAE,"12.588572774809862","45.99846491695061","2333280","5096723",,,31/01/1991,,PARZIALE,"250","350",RR_suff,LOC,,,
FORCELLA SAVALONS,"1935",terrazzo/pianoro,CAE,"12.485976147177633","46.34917035872292","2326570","5135935",,,11/11/2009,,PARZIALE,"300","900",RR_suff,LOC,ALT,,RAP
FORNI AVOLTRI,"888",fondovalle,CAE,"12.773723379381615","46.58674768681173","2349454","5161670",,,19/05/1999,,PARZIALE,"200","400",RR_ok,LOC,,,
FORNI DI SOPRA,"845",fondovalle,CAE,"12.587618046175237","46.404785098589464","2334579","5141871",,,15/11/2000,,NO,"250","400",RR_suff,ALT,,,
FORNI DI SOPRA,"922",fondovalle,MICROS,"12.59365483014399","46.40980832214764","2335060","5142415","5142392","315056",26/06/2004,,SI,"220","220",RR_ok,RAP,RAP,RAP,RAP
FORNI DI SOTTO,"660",fondovalle,CAE,"12.714730822324558","46.39282671251754","2344311","5140252",,,19/06/2002,,PARZIALE,"250",,RR_ok,,,,
FOSSALON DI GRADO,"0",pianura,MICROS,"13.458840623484448","45.71479551402625","2400060","5063533","5063511","380055",22/07/1990,,SI,"150","200",RR_ok,RAP,RAP,RAP,
FUSINE,"850",fondovalle,MICROS,"13.672170675448331","46.49140280380295","2418105","5149524","5149501","398101",29/04/2010,11:11:20.000,PARZIALE,"200","250",RR_ok,RAP,,,RAP
FUSINE ALPE DEL LAGO,"1007",fondovalle,CAE,"13.662023309904487","46.466832752180736","2417280","5146807",,,16/09/2008,,PARZIALE,"300","900",RR_ok,LOC,ALT,,RAP
FUSINE VALICO,"849",fondovalle,CAE,"13.686835234322642","46.49604492310465","2419239","5150021",,,25/06/2013,,PARZIALE,"250","180",RR_ok,RAP,RAP,RAP,RAP
GEMONA,"184",pianura,MICROS,"13.12205355256006","46.261313982271496","2375280","5124815","5124792","355276",27/07/1999,,SI,"150","200",RR_ok,RAP,RAP,RAP,
GEMONA DEL FRIULI,"307",versante W,CAE,"13.141132672804313","46.278824831308015","2376796","5126726",,,29/09/1999,,NO,"410","400",RR_alt,ALT,,,
GORGO,"5",pianura,MICROS,"13.02187425741372","45.736261791032696","2366110","5066666","5066643","346106",28/07/2008,,PARZIALE,"150","220",RR_ok,LOC,LOC,RAP,
GORIZIA AEREOPORTO,"68",pianura,CAE,"13.595456289087432","45.910420101874664","2411075","5085072",,,22/02/1995,,PARZIALE,"250","900",RR_suff,ALT,RAP,RAP,
GRADISCA D'IS.,"29",pianura,MICROS,"13.481780706747578","45.88982191997598","2402215","5082945","5082922","382210",10/08/1990,,SI,"150","200",RR_ok,RAP,RAP,RAP,
GRADO - MARE,"0",costa/mare,MICROS,"13.396520098726423","45.671399996451406","2395113","5058807","5058784","375109",19/07/2006,,SI,"700","700",RR_alt,RAP,RAP,RAP,
GRADO BOA METEO,"0",costa/mare,CAE,"13.360036881483168","45.60927126151277","2392130","5051962",,,31/01/2007,,SI,,,,RAP,RAP,,
GRADO MAREA,"12",costa/mare,CAE,"13.383393113671811","45.68319494652117","2394117","5060138",,,21/01/1998,,PARZIALE,"350",,RR_alt,,,,
GRADO METEO,"0",costa/mare,CAE,"13.373252865881009","45.68038672598256","2393321","5059842",,,22/01/1998,,PARZIALE,,"900",,RAP,RAP,,
GRAN MONTE,"1422",versante N,CAE,"13.350790388198272","46.29070951677141","2392976","5127689",,,17/09/2008,,PARZIALE,"300","900",RR_ok,LOC,ALT,,RAP
GRIONS,"95",pianura,CAE,"12.981714924165372","46.047597948849074","2363861","5101335",,,10/02/2010,,NO,"250","200",RR_suff,ALT,,,
ISONZO BOA METEO,"0",costa/mare,CAE,"13.546800439773401","45.67071995392392","2406817","5058508",,,08/03/2004,,SI,,,,RAP,RAP,,
LA BAITA METEO,"50",pianura,CAE,"13.51263350526238","45.94686733374235","2404727","5089238",,,15/11/2001,,PARZIALE,"250","150",RR_ok,ALT,LOC,RAP,
LATISANA TAGL.1,"11",pianura,CAE,"12.996925877915821","45.77289179454267","2364271","5070784",,,07/12/1994,,NO,"250","400",RR_alt,ALT,LOC,,
LAUZACCO,"60",pianura,MICROS,"13.272502215468194","45.98207291191185","2386200","5093525","5093502","366196",18/06/2008,,PARZIALE,"150","200",RR_ok,LOC,LOC,,
LESTIZZA,"45",pianura,CAE,"13.135320375229258","45.95122276847615","2375494","5090337",,,22/01/1992,,PARZIALE,"220","150",RR_suff,LOC,ALT,ALT,
LIGNANO,"7",costa/mare,MICROS,"13.147045840127719","45.70194446454409","2375760","5062620","5062597","355756",01/07/1999,,PARZIALE,,,RR_alt,LOC,RAP,RAP,
LIGNANO BOA,"0",costa/mare,CAE,"13.167082622287976","45.619838374744475","2377111","5053462",,,14/11/2002,,SI,,,,RAP,RAP,,
LIGNANO SABBIADORO,"15",pianura,CAE,"13.12109932086241","45.68656121647234","2373700","5060958",,,06/02/2007,,NO,,,RR_alt,ALT,LOC,RAP,
LIVINAL LUNC,"1837",versante N,CAE,"13.469695872219514","46.37508055213689","2402316","5136880",,,03/10/2007,,PARZIALE,"300","900",RR_suff,LOC,LOC,ALT,RAP
MAGNANO IN RIVIERA,"184",pianura,CAE,"13.161286250647759","46.228508014773276","2378219","5121099",,,18/06/2002,,NO,"250",,RR_ok,,,,
MALBORGHETTO F.FELLA,"733",fondovalle,CAE,"13.441740484877188","46.50789760199721","2400457","5151680",,,12/05/2004,,NO,"200","400",RR_alt,ALT,,,
MALGA ACOMIZZA,"1729",versante SE,CAE,"13.515395068881068","46.54816048269036","2406192","5156045",,,20/09/2007,,PARZIALE,"300","900",RR_suff,LOC,LOC,,RAP
MALGA CJAMPIUZ,"1710",versante N,CAE,"12.678957081221565","46.35121007320398","2341425","5135708",,,20/09/2007,,PARZIALE,"350","900",RR_suff,LOC,LOC,,RAP
MALGA CJARIGUART,"1666",versante NW,CAE,"13.187704179003354","46.36023871656866","2380591","5135689",,,19/09/2007,,NO,"350","900",RR_suff,ALT,LOC,,ALT
MALGA PLOTTA,"1983",terrazzo/pianoro,CAE,"12.899735189331894","46.59433362536137","2359130","5162248",,,24/09/2007,,SI,"300","900",RR_ok,LOC,LOC,,RAP
MALGA REST,"1520",versante SW,CAE,"12.798508880722752","46.34821170126647","2350614","5135112",,,27/10/2009,,NO,"300","900",RR_alt,ALT,LOC,,RAP
MALGA VALINE,"1346",versante N,CAE,"12.67609540801361","46.23592440815575","2340829","5122905",,,28/10/2009,,PARZIALE,"300","900",RR_ok,LOC,LOC,,RAP
MALGHE MERSINO - MATAJUR,"1479",terrazzo/pianoro,CAE,"13.52427973794762","46.21228908797975","2406177","5118712",,,24/11/2011,,PARZIALE,"250","400",RR_suff,LOC,,,RAP
MANIAGO,"283",pianura,CAE,"12.718663078976391","46.17395227464031","2343913","5115924",,,18/07/1990,,PARZIALE,"220",,RR_ok,,,,
MANZANO,"60",pianura,CAE,"13.390767083817245","45.991639369770226","2395382","5094396",,,27/10/1993,,NO,"250",,RR_suff,,,,
MEDUNO,"323",fondovalle,CAE,"12.773164185065154","46.21793126533316","2348257","5120691",,,23/09/1999,,NO,"250","400",RR_alt,ALT,,,
MOGGIO UDINESE,"310",fondovalle,CAE,"13.185068783053477","46.400146960487014","2380490","5140128",,,03/05/1995,,NO,"250","400",RR_suff,ALT,,,
MONFALCONE MARE,"3",costa/mare,CAE,"13.548800877074342","45.781444752261685","2407196","5070807",,,09/10/2007,,PARZIALE,,"600",,RAP,RAP,RAP,
MONFALCONE MARINA NOVA,"0",pianura,MICROS,"13.536514799478393","45.78050493441726","2406239","5070720","5070697","386235",16/06/2006,,PARZIALE,"150","250",RR_ok,LOC,ALT,RAP,
MONFALCONE PLUVIO,"4",pianura,CAE,"13.511466818001516","45.796544311939805","2404325","5072538",,,29/07/2009,,PARZIALE,"250","180",RR_ok,LOC,,,
MONTE LUSSARI,"1760",vetta,MICROS,"13.52041421610192","46.48248406104113","2406440","5148740","5148717","386436",01/10/1993,,PARZIALE,,,RR_suff,RAP,RAP,RAP,
MONTE MATAJUR,"1630",vetta,MICROS,"13.5290661881351","46.21170279845224","2406545","5118640","5118617","386541",28/06/2000,,PARZIALE,,,,RAP,LOC,RAP,
MONTE PRAT,"776",vetta,CAE,"12.993136295653198","46.24112266700502","2365288","5122815",,,30/12/2012,,PARZIALE,"480","270",RR_alt,ALT,RAP,RAP,ALT
MONTE SAN SIMEONE,"1505",vetta,MICROS,"13.10610272231336","46.34384997998451","2374270","5134015","5133992","354266",15/06/2000,09:07:20.000,SI,,,,RAP,RAP,RAP,
MONTE ZONCOLAN,"1750",vetta,MICROS,"12.926219871322528","46.50236392388339","2360890","5151975","5151952","340886",26/01/1993,,SI,"250","300",RR_ok,RAP,RAP,RAP,RAP
MONTEMAGGIORE,"1085",versante SW,CAE,"13.532881812755504","46.19450789229546","2406804","5116724",,,26/10/1993,,NO,"200","200",RR_ok,ALT,,,
MUGGIA,"26",versante NE,CAE,"13.775733528894053","45.600686143525635","2424530","5050429",,,28/09/2006,,NO,"250","160",RR_suff,ALT,,,
MUGGIA,"2",costa/mare,MICROS,"13.752640028654875","45.61053518137971","2422746","5051551","5051528","402742",27/07/2006,,PARZIALE,"250","300",RR_alt,LOC,LOC,RAP,
MURE,"8",pianura,CAE,"12.805102550371167","45.84035412383708","2349563","5078671",,,28/11/1990,,PARZIALE,"250","400",RR_suff,LOC,,,
MUSI,"523",fondovalle,CAE,"13.27254177483779","46.30728337087465","2386989","5129659",,,29/09/1999,,NO,"300","400",RR_alt,ALT,,,RAP
MUSI,"600",terrazzo/pianoro,MICROS,"13.274644821643577","46.31267905965876","2387164","5130255","5130232","367160",23/08/2001,,PARZIALE,"150","200",RR_ok,LOC,,,
ORZANO,"106",pianura,CAE,"13.35798565390688","46.061752956480326","2393004","5102238",,,13/12/2007,,SI,"250","900",RR_suff,ALT,RAP,,
OSOPPO,"256",pianura,CAE,"13.071372543099114","46.23645788660507","2371307","5122147",,,09/11/1993,,SI,"235","900",RR_suff,ALT,RAP,RAP,
PALA BARZANA,"845",sella/passo,CAE,"12.65906602945937","46.195976117659825","2339385","5118505",,,05/10/2010,,PARZIALE,"300","500",RR_ok,LOC,,,RAP
PALA D'ALTEI,"1528",vetta,MICROS,"12.597698628452685","46.157306286964435","2334520","5114350","5114327","314516",08/05/2004,,SI,,"300",,RAP,RAP,RAP,
PALAZZOLO D.S.,"5",pianura,MICROS,"13.052593087593904","45.805734935364505","2368688","5074326","5074303","348682",03/08/1990,,SI,"150","200",RR_ok,RAP,RAP,RAP,
PALMANOVA,"42",pianura,CAE,"13.333210764672465","45.91092676299816","2390737","5085520",,,19/06/2002,,PARZIALE,"250","900",RR_ok,ALT,ALT,RAP,
PALUZZA,"605",fondovalle,MICROS,"13.018202386237208","46.53118337106516","2368028","5154996","5154973","348024",15/06/2007,11:07:20.000,PARZIALE,"180","250",RR_ok,LOC,,,RAP
PALUZZA,"578",fondovalle,CAE,"13.012003034321978","46.52811486744557","2367544","5154667",,,27/12/2012,,PARZIALE,"240","160",RR_ok,LOC,,,RAP
PANTIANICCO,"75",pianura,CAE,"13.039277770269557","46.01421925490802","2368223","5097515",,,18/12/2007,,SI,"250","900",RR_ok,ALT,LOC,,
PASSO PRAMOLLO,"1530",sella/passo,CAE,"13.275110956792787","46.55973650647233","2387799","5157706",,,15/07/2009,,PARZIALE,"300","900",RR_ok,RAP,RAP,,RAP
PASSO PREDIL,"1148",sella/passo,CAE,"13.573708973164779","46.41879616068458","2410403","5141588",,,14/07/2009,,PARZIALE,"300","900",RR_ok,LOC,ALT,,RAP
PAULARO,"690",fondovalle,CAE,"13.120965688425311","46.526411746555816","2375896","5154273",,,18/05/1999,,PARZIALE,"200","400",RR_ok,LOC,,,
PAVIA DI UDINE,"65",pianura,CAE,"13.29648018037889","45.99205434702978","2388081","5094594",,,30/09/2008,,PARZIALE,"250","175",RR_ok,LOC,,,
PESARIIS,"710",versante S,CAE,"12.775150189959277","46.52188789885459","2349360","5154460",,,16/09/1999,,PARZIALE,"200","400",RR_ok,LOC,,,RAP
PIANCAVALLO,"1280",terrazzo/pianoro,CAE,"12.521713854012829","46.113435724058796","2328501","5109656",,,26/10/2000,,PARZIALE,"250","400",RR_suff,LOC,,,RAP
PIANCAVALLO,"1275",terrazzo/pianoro,MICROS,"12.524363998989356","46.11494224310167","2328711","5109817","5109794","308707",22/11/2004,,SI,"250","300",RR_ok,RAP,LOC,RAP,RAP
PIETRATAGLIATA,"515",fondovalle,CAE,"13.300423720145043","46.48193637364605","2389553","5149019",,,30/12/2012,,NO,,"400",,LOC,LOC,,
PLATISCHIS,"657",versante S,CAE,"13.380010236080896","46.24285190472173","2395118","5122325",,,17/11/2000,,NO,"220","350",RR_suff,ALT,,,
POCENIA METEO,"7",pianura,CAE,"13.113304423752146","45.833368801432606","2373478","5077283",,,19/12/2007,,PARZIALE,"250","900",RR_ok,ALT,LOC,,
PONTE DELIZIA,"57",pianura,CAE,"12.903358125222544","45.96494929691714","2357557","5092309",,,15/09/1994,,NO,"200",,RR_alt,,,,
PONTE SAMBO,"389",fondovalle,CAE,"13.329316364922045","46.26682688458726","2391266","5125070",,,17/12/2009,,NO,"250","400",RR_suff,ALT,,,
PONTEBBA,"590",versante S,MICROS,"13.302442106770524","46.50959511684007","2389774","5152089","5152066","369770",06/07/2006,,PARZIALE,"150","250",RR_ok,LOC,,,RAP
PONTEBBA T.P.,"568",fondovalle,CAE,"13.307478424197376","46.50607895017067","2390152","5151690",,,13/10/1999,,PARZIALE,"200","400",RR_ok,LOC,,RAP,
PORCIA,"19",pianura,CAE,"12.614170548406094","45.92180528790579","2335007","5088146",,,06/10/2010,,PARZIALE,"200","150",RR_ok,ALT,,,
PORDENONE,"23",pianura,MICROS,"12.681232835394521","45.95364434233504","2340310","5091530","5091507","320306",01/06/1994,,PARZIALE,"150","200",RR_ok,RAP,RAP,RAP,
PORDENONE METEO,"36",pianura,CAE,"12.649664698755036","45.95865135286754","2337880","5092158",,,01/10/2003,,PARZIALE,"250","900",RR_ok,ALT,ALT,RAP,
POVOLETTO,"131",pianura,CAE,"13.3091068690793","46.122934219580436","2389368","5109115",,,21/05/2009,,PARZIALE,"250","400",RR_ok,LOC,,,
PRADAMANO,"91",pianura,MICROS,"13.303004886533854","46.04427210074716","2388710","5100385","5100362","368706",14/05/2008,,SI,"150","200",RR_ok,RAP,LOC,,
PRAMOLLO,"900",versante S,CAE,"13.303383113534942","46.53002908595608","2389895","5154358",,,22/12/1999,,NO,"500","500",RR_alt,ALT,,,
PRAMOSIO,"1522",terrazzo/pianoro,CAE,"13.029314745269465","46.587307821172494","2369036","5161211",,,22/12/1999,,PARZIALE,"300","900",RR_suff,ALT,LOC,,RAP
PRATO CARNICO,"674",fondovalle,CAE,"12.80557012548677","46.51891199958404","2351684","5154064",,,14/09/2000,,NO,"250","500",RR_suff,ALT,,,
PRATO CARNICO AGAZZO,"673",fondovalle,CAE,"12.811251098206538","46.519965877081276","2352123","5154169",,,01/10/2003,,NO,"250",,RR_suff,,,,
PREPOTTO,"105",pianura,CAE,"13.489983130711934","46.04821941031073","2403185","5100532",,,12/09/2000,,NO,"250","500",RR_suff,ALT,,,
PRESCUDIN,"640",fondovalle,CAE,"12.488984372766453","46.19285035696187","2326251","5118559",,,02/10/1990,,PARZIALE,"300","300",RR_ok,LOC,ALT,,RAP
PROSECCO,"270",pianura,CAE,"13.756677517116636","45.703980149002014","2423222","5061928",,,28/06/2005,,PARZIALE,"300","900",RR_ok,ALT,RAP,,
PULFERO,"184",fondovalle,CAE,"13.483260983908414","46.17321404257875","2402930","5114430",,,24/09/1999,,NO,"250","400",RR_ok,ALT,,,
RAVASCLETTO,"913",fondovalle,CAE,"12.917381604930652","46.51946463434515","2360262","5153893",,,26/08/2005,,PARZIALE,"250","400",RR_ok,LOC,,,
RAVEDIS INVASO,"343",fondovalle,CAE,"12.656515798025378","46.171830326614","2339109","5115828",,,19/11/2008,,NO,"220","400",RR_alt,ALT,LOC,RAP,
REDONA-TRAMONTI INVASO,"318",fondovalle,CAE,"12.750031974766383","46.24112135101341","2346546","5123318",,,30/03/2010,,NO,"220","170",RR_suff,ALT,,,
RESIA,"492",fondovalle,CAE,"13.295636156080466","46.37611871288695","2388932","5137269",,,24/10/2000,,PARZIALE,"200","400",RR_ok,LOC,,,
RESIUTTA,"316",fondovalle,CAE,"13.221469734258239","46.38885743813789","2383260","5138810",,,12/10/1999,,NO,"250","500",RR_suff,ALT,,,
REST,"1781",vetta,CAE,"12.802530402528417","46.351961070685505","2350935","5135520",,,30/09/2009,,SI,,"1300",,RAP,RAP,,
RIFUGIO MANIAGO,"1717",versante S,CAE,"12.393661118867051","46.32071373758957","2319363","5133003",,,29/10/2009,,NO,"300","900",RR_suff,LOC,LOC,,RAP
RIFUGIO MARINELLI,"2180",versante S,CAE,"12.894998626042112","46.59460650593613","2358768","5162288",,,30/07/2009,,PARZIALE,,"900",,RAP,LOC,,
RIFUGIO PORDENONE,"1173",fondovalle,CAE,"12.489276418683138","46.37868193713214","2326928","5139206",,,12/11/2009,,PARZIALE,"300","900",RR_ok,LOC,ALT,ALT,RAP
RIFUGIO PUSSA,"925",fondovalle,CAE,"12.590943031440853","46.34522151485867","2334633","5135245",,,29/04/2010,,PARZIALE,"300","900",RR_ok,LOC,ALT,ALT,RAP
RIVOLTO,"51",pianura,CAE,"13.020823732770088","45.95358945938717","2366627","5090814",,,05/06/2005,,PARZIALE,"250","500",RR_ok,LOC,,,
RUDA,"9",pianura,CAE,"13.404113487056424","45.832177088084826","2396061","5076658",,,29/07/2009,,PARZIALE,"250","400",RR_ok,LOC,,,
S.ANDRAT DEL CORMOR,"25",pianura,CAE,"13.16186492087277","45.91445423648994","2377457","5086204",,,13/12/2007,,PARZIALE,"200","900",RR_suff,ALT,RAP,,
S.FRANCESCO T.P.,"389",fondovalle,CAE,"12.93632858014731","46.31250679502826","2361115","5130859",,,20/05/1999,,PARZIALE,"200","300",RR_ok,LOC,,,
S.VITO AL TAGLIAMENTO,"34",pianura,CAE,"12.869375732027818","45.92556445654682","2354807","5088003",,,14/06/2005,,PARZIALE,"250","400",RR_ok,LOC,,,
S.VOLFANGO,"650",versante SW,CAE,"13.642473686131089","46.164920317814925","2415204","5113286",,,28/10/1993,,NO,"200","300",RR_suff,ALT,,,
SACILE,"23",pianura,CAE,"12.502057832911385","45.95088288623789","2326415","5091643",,,18/09/1990,,NO,"200",,RR_suff,,,,
SALETTO,"506",fondovalle,CAE,"13.375306275795882","46.402802095306484","2395120","5140105",,,13/05/1999,,PARZIALE,"200","300",RR_ok,LOC,,,
SAN DANIELE DEL FRIULI,"205",terrazzo/pianoro,CAE,"13.013940040137463","46.1570383681999","2366658","5113432",,,16/11/2005,,PARZIALE,"250","500",RR_ok,LOC,,,
SAN MAURO DEL FRIULI,"149",pianura,CAE,"13.026357580421228","46.146975377641446","2367589","5112290",,,18/12/2007,,NO,"250","900",RR_ok,ALT,ALT,,
SAN PELAGIO,"225",terrazzo/pianoro,CAE,"13.686753531875967","45.76550905846004","2417891","5068851",,,26/08/2005,,PARZIALE,"250","400",RR_suff,ALT,,,
SAN PIETRO AL NATISONE,"160",fondovalle,MICROS,"13.48675558301109","46.11428290638023","2403075","5107877","5107854","383071",08/04/2008,,SI,"150","200",RR_ok,RAP,RAP,RAP,
SAN SIMEONE METEO,"1504",vetta,CAE,"13.105014538858942","46.34375094435386","2374186","5134006",,,21/10/2010,,SI,,,,RAP,RAP,RAP,
SAN VITO AL TGL.,"21",pianura,MICROS,"12.814962170053915","45.8956807338266","2350497","5084797","5084775","330493",02/08/1990,,SI,"150","200",RR_ok,RAP,RAP,RAP,
SAURIS DI SOPRA,"1414",terrazzo/pianoro,CAE,"12.681970401490261","46.46727975101891","2342035","5148598",,,01/04/2003,,NO,"200","400",RR_suff,ALT,,,RAP
SELLA CHIANZUTAN,"954",sella/passo,CAE,"12.940261562953436","46.358918290249974","2361552","5136008",,,14/11/2000,,PARZIALE,"250","300",RR_ok,LOC,,,RAP
SELLA DI SOMPDOGNA,"1392",sella/passo,CAE,"13.448501571498003","46.4622176951998","2400876","5146594",,,26/10/1994,,PARZIALE,,"500",,LOC,LOC,,RAP
SGONICO,"268",terrazzo/pianoro,MICROS,"13.742013724068778","45.73804012109235","2422140","5065730","5065707","402136",01/12/1992,,SI,"180","200",RR_ok,RAP,RAP,RAP,
SPILIMBERGO,"126",pianura,CAE,"12.882503848347012","46.10859694177067","2356366","5108312",,,03/04/2009,,PARZIALE,"250","175",RR_ok,ALT,,,
SQUARZARE,"13",pianura,CAE,"12.617668878617186","45.84398718170944","2335020","5079492",,,20/12/1990,,NO,"220",,RR_suff,,,,
STADIO BIATHLON PIANI DI LUZZA,"1045",fondovalle,CAE,"12.746553875710422","46.5705020428183","2347321","5159924",,,04/08/2009,,PARZIALE,"200","400",RR_ok,LOC,ALT,,RAP
SUBIT DI ATTIMIS,"716",terrazzo/pianoro,CAE,"13.351767036142324","46.20489114944104","2392853","5118152",,,29/09/1999,,PARZIALE,"270","400",RR_suff,LOC,,,
TALMASSONS,"16",pianura,MICROS,"13.155746581428637","45.8823409104362","2376900","5082647","5082624","356896",13/09/1990,,SI,"150","200",RR_ok,RAP,RAP,RAP,
TARCENTO,"230",pianura,CAE,"13.223644963630605","46.216993368688065","2382999","5119710",,,27/10/1993,,NO,"220",,RR_alt,,,,
TARVISIO,"725",fondovalle,CAE,"13.593863083564726","46.504370866172444","2412121","5151069",,,26/10/2001,,NO,"200","400",RR_suff,ALT,,RAP,RAP
TARVISIO,"794",fondovalle,MICROS,"13.55184243723009","46.51078501606553","2408910","5151840","5151817","388906",27/07/1999,,SI,"200","200",RR_ok,RAP,RAP,RAP,RAP
TIMAU,"830",fondovalle,CAE,"13.006846095516321","46.576370894905686","2367284","5160039",,,18/05/1999,,PARZIALE,"200","280",RR_ok,LOC,,,
TOLMEZZO,"314",fondovalle,MICROS,"13.005821770678438","46.39943726972623","2366709","5140381","5140358","346705",14/07/2005,,PARZIALE,"200","200",RR_suff,LOC,LOC,RAP,
TOLMEZZO METEO,"354",fondovalle,CAE,"13.02184411662855","46.421855156213894","2368003","5142841",,,30/06/2005,,NO,"250","900",RR_ok,ALT,LOC,RAP,
TOLMEZZO PONTE CANEVA,"330",fondovalle,CAE,"13.005129303260812","46.40986495282201","2366685","5141541",,,04/05/1995,,NO,,"400",,ALT,,,
TORVISCOSA,"7",pianura,CAE,"13.275537992969568","45.818850478215786","2386043","5075385",,,07/04/2003,,PARZIALE,"250","900",RR_suff,ALT,LOC,,
TRAMONTI DI SOTTO,"370",fondovalle,CAE,"12.793088652493557","46.2981843398312","2350042","5129565",,,29/07/1999,,PARZIALE,"320","400",RR_suff,LOC,,,RAP
TRIBIL INFERIORE,"620",versante N,CAE,"13.585329818753376","46.11926288925642","2410702","5108290",,,08/09/2009,,NO,"170","280",RR_suff,LOC,,,
TRICESIMO,"200",terrazzo/pianoro,CAE,"13.214036381674825","46.15144015433533","2382094","5112443",,,18/06/2002,,PARZIALE,"250",,RR_suff,,,,
TRIESTE CATTINARA,"257",versante NE,CAE,"13.833123075301156","45.63547207380125","2429062","5054227",,,10/10/2007,,NO,"250","900",RR_suff,ALT,RAP,RAP,
TRIESTE M.BANDIERA,"1",costa/mare,MICROS,"13.752199575866946","45.65003490753351","2422780","5055940","5055917","402776",01/03/1993,,PARZIALE,"400","700",RR_alt,RAP,RAP,RAP,
TRIESTE METEO ISTITUTO NAUTICO,"34",terrazzo/pianoro,CAE,"13.764513351989363","45.64741454725852","2423735","5055634",,,31/08/2006,,NO,"200","200",RR_alt,ALT,RAP,,
UCCEA,"650",versante S,CAE,"13.400313191277707","46.30651515722587","2396826","5129367",,,07/09/2005,,NO,"240","400",RR_alt,ALT,,,
UDINE,"138",terrazzo/pianoro,CAE,"13.236532774578096","46.06497397268357","2383618","5102797",,,15/12/1992,,NO,"250","350",RR_alt,ALT,,,
UDINE S.O.,"91",pianura,MICROS,"13.226663017229825","46.03523737696397","2382781","5099510","5099487","362775",18/06/1991,,SI,"150","200",RR_ok,RAP,RAP,RAP,
VACILE,"148",pianura,CAE,"12.887763503980814","46.14431714394234","2356878","5112270",,,25/10/1990,,PARZIALE,"200","150",RR_ok,LOC,,,
VAL DEI SASS,"1808",versante S,CAE,"12.491998719214516","46.11462320274856","2326209","5109860",,,08/09/2009,,PARZIALE,"300","900",RR_suff,LOC,LOC,RAP,RAP
VAL SUGHET,"1704",versante SE,CAE,"12.505792964243494","46.11809336070039","2327287","5110212",,,09/09/2009,,PARZIALE,"300","900",RR_suff,LOC,LOC,,RAP
VAL UGOVIZZA,"1146",fondovalle,CAE,"13.474850630415194","46.54318115725579","2403073","5155551",,,27/05/2004,,PARZIALE,"200","500",RR_ok,LOC,,,RAP
VARMOST M.TE SIMONE,"1870",versante SW,CAE,"12.560144765390534","46.45483528530755","2332639","5147497",,,06/08/2009,,PARZIALE,"300","900",RR_ok,LOC,ALT,,RAP
VILLA SANTINA T.DEGANO,"380",fondovalle,CAE,"12.90664744262701","46.41125368076912","2359120","5141891",,,29/06/2006,,NO,"250",,RR_alt,,,,
VILLOTTA DI CHIONS,"15",pianura,CAE,"12.757546735121338","45.85506425111985","2345916","5080408",,,17/05/2012,,PARZIALE,"220","350",RR_ok,LOC,,,
VIVARO,"142",pianura,MICROS,"12.768774406955945","46.07654232337435","2347477","5104991","5104969","327474",24/07/1990,,SI,"150","200",RR_ok,RAP,RAP,RAP,
ZAVATTINA T.CORMOR,"3",pianura,CAE,"13.159880547984306","45.83363368673776","2377096","5077228",,,03/03/1995,,NO,"400",,RR_suff,,,,
ZEGLIANUTTO,"217",pianura,CAE,"13.153362086363597","46.19605211446721","2377524","5117507",,,18/06/2002,,PARZIALE,"245",,RR_ok,,,,
ZOMPITTA METEO,"155",pianura,CAE,"13.254882365182041","46.1714394786439","2385297","5114595",,,24/01/1992,,PARZIALE,"200","150",RR_ok,LOC,LOC,RAP,
ZONCOLAN-TAMAI,"1710",versante NE,CAE,"12.931520210764225","46.501442985391456","2361294","5151862",,,26/11/2011,,PARZIALE,"250","350",RR_ok,LOC,,,RAP
ZUIANO,"15",pianura,CAE,"12.712997803910449","45.87406308907666","2342518","5082617",,,29/11/1990,,NO,"250","350",RR_suff,ALT,,,
