<PAMDataset>
  <PAMRasterBand band="1">
    <GDALRasterAttributeTable>
      <FieldDefn index="0">
        <Name>min</Name>
        <Type>1</Type>
        <Usage>3</Usage>
      </FieldDefn>
      <FieldDefn index="1">
        <Name>max</Name>
        <Type>1</Type>
        <Usage>4</Usage>
      </FieldDefn>
      <FieldDefn index="2">
        <Name>redmin</Name>
        <Type>0</Type>
        <Usage>10</Usage>
      </FieldDefn>
      <FieldDefn index="3">
        <Name>redmax</Name>
        <Type>0</Type>
        <Usage>14</Usage>
      </FieldDefn>
      <FieldDefn index="4">
        <Name>greenmin</Name>
        <Type>0</Type>
        <Usage>11</Usage>
      </FieldDefn>
      <FieldDefn index="5">
        <Name>greenmax</Name>
        <Type>0</Type>
        <Usage>15</Usage>
      </FieldDefn>
      <FieldDefn index="6">
        <Name>bluemin</Name>
        <Type>0</Type>
        <Usage>12</Usage>
      </FieldDefn>
      <FieldDefn index="7">
        <Name>bluemax</Name>
        <Type>0</Type>
        <Usage>16</Usage>
      </FieldDefn>
      <Row index="0">
        <F>0.9960800000000001</F>
        <F>1</F>
        <F>251</F>
        <F>253</F>
        <F>231</F>
        <F>231</F>
        <F>35</F>
        <F>37</F>
      </Row>
      <Row index="1">
        <F>0.9921599999999999</F>
        <F>0.9960800000000001</F>
        <F>248</F>
        <F>251</F>
        <F>230</F>
        <F>231</F>
        <F>33</F>
        <F>35</F>
      </Row>
      <Row index="2">
        <F>0.98824</F>
        <F>0.9921599999999999</F>
        <F>246</F>
        <F>248</F>
        <F>230</F>
        <F>230</F>
        <F>32</F>
        <F>33</F>
      </Row>
      <Row index="3">
        <F>0.98431</F>
        <F>0.98824</F>
        <F>244</F>
        <F>246</F>
        <F>230</F>
        <F>230</F>
        <F>30</F>
        <F>32</F>
      </Row>
      <Row index="4">
        <F>0.98039</F>
        <F>0.98431</F>
        <F>241</F>
        <F>244</F>
        <F>229</F>
        <F>230</F>
        <F>29</F>
        <F>30</F>
      </Row>
      <Row index="5">
        <F>0.9764700000000001</F>
        <F>0.98039</F>
        <F>239</F>
        <F>241</F>
        <F>229</F>
        <F>229</F>
        <F>28</F>
        <F>29</F>
      </Row>
      <Row index="6">
        <F>0.9725499999999999</F>
        <F>0.9764700000000001</F>
        <F>236</F>
        <F>239</F>
        <F>229</F>
        <F>229</F>
        <F>27</F>
        <F>28</F>
      </Row>
      <Row index="7">
        <F>0.96863</F>
        <F>0.9725499999999999</F>
        <F>234</F>
        <F>236</F>
        <F>229</F>
        <F>229</F>
        <F>26</F>
        <F>27</F>
      </Row>
      <Row index="8">
        <F>0.9647100000000001</F>
        <F>0.96863</F>
        <F>231</F>
        <F>234</F>
        <F>228</F>
        <F>229</F>
        <F>25</F>
        <F>26</F>
      </Row>
      <Row index="9">
        <F>0.9607800000000001</F>
        <F>0.9647100000000001</F>
        <F>229</F>
        <F>231</F>
        <F>228</F>
        <F>228</F>
        <F>25</F>
        <F>25</F>
      </Row>
      <Row index="10">
        <F>0.95686</F>
        <F>0.9607800000000001</F>
        <F>226</F>
        <F>229</F>
        <F>228</F>
        <F>228</F>
        <F>24</F>
        <F>25</F>
      </Row>
      <Row index="11">
        <F>0.95294</F>
        <F>0.95686</F>
        <F>223</F>
        <F>226</F>
        <F>227</F>
        <F>228</F>
        <F>24</F>
        <F>24</F>
      </Row>
      <Row index="12">
        <F>0.94902</F>
        <F>0.95294</F>
        <F>221</F>
        <F>223</F>
        <F>227</F>
        <F>227</F>
        <F>24</F>
        <F>24</F>
      </Row>
      <Row index="13">
        <F>0.9451000000000001</F>
        <F>0.94902</F>
        <F>218</F>
        <F>221</F>
        <F>227</F>
        <F>227</F>
        <F>25</F>
        <F>24</F>
      </Row>
      <Row index="14">
        <F>0.9411799999999999</F>
        <F>0.9451000000000001</F>
        <F>216</F>
        <F>218</F>
        <F>226</F>
        <F>227</F>
        <F>25</F>
        <F>25</F>
      </Row>
      <Row index="15">
        <F>0.9372499999999999</F>
        <F>0.9411799999999999</F>
        <F>213</F>
        <F>216</F>
        <F>226</F>
        <F>226</F>
        <F>26</F>
        <F>25</F>
      </Row>
      <Row index="16">
        <F>0.93333</F>
        <F>0.9372499999999999</F>
        <F>210</F>
        <F>213</F>
        <F>226</F>
        <F>226</F>
        <F>27</F>
        <F>26</F>
      </Row>
      <Row index="17">
        <F>0.9294100000000001</F>
        <F>0.93333</F>
        <F>208</F>
        <F>210</F>
        <F>225</F>
        <F>226</F>
        <F>28</F>
        <F>27</F>
      </Row>
      <Row index="18">
        <F>0.92549</F>
        <F>0.9294100000000001</F>
        <F>205</F>
        <F>208</F>
        <F>225</F>
        <F>225</F>
        <F>29</F>
        <F>28</F>
      </Row>
      <Row index="19">
        <F>0.92157</F>
        <F>0.92549</F>
        <F>202</F>
        <F>205</F>
        <F>225</F>
        <F>225</F>
        <F>31</F>
        <F>29</F>
      </Row>
      <Row index="20">
        <F>0.91765</F>
        <F>0.92157</F>
        <F>200</F>
        <F>202</F>
        <F>224</F>
        <F>225</F>
        <F>32</F>
        <F>31</F>
      </Row>
      <Row index="21">
        <F>0.91373</F>
        <F>0.91765</F>
        <F>197</F>
        <F>200</F>
        <F>224</F>
        <F>224</F>
        <F>33</F>
        <F>32</F>
      </Row>
      <Row index="22">
        <F>0.9098000000000001</F>
        <F>0.91373</F>
        <F>194</F>
        <F>197</F>
        <F>223</F>
        <F>224</F>
        <F>35</F>
        <F>33</F>
      </Row>
      <Row index="23">
        <F>0.9058799999999999</F>
        <F>0.9098000000000001</F>
        <F>192</F>
        <F>194</F>
        <F>223</F>
        <F>223</F>
        <F>37</F>
        <F>35</F>
      </Row>
      <Row index="24">
        <F>0.90196</F>
        <F>0.9058799999999999</F>
        <F>189</F>
        <F>192</F>
        <F>223</F>
        <F>223</F>
        <F>38</F>
        <F>37</F>
      </Row>
      <Row index="25">
        <F>0.8980400000000001</F>
        <F>0.90196</F>
        <F>186</F>
        <F>189</F>
        <F>222</F>
        <F>223</F>
        <F>40</F>
        <F>38</F>
      </Row>
      <Row index="26">
        <F>0.89412</F>
        <F>0.8980400000000001</F>
        <F>184</F>
        <F>186</F>
        <F>222</F>
        <F>222</F>
        <F>41</F>
        <F>40</F>
      </Row>
      <Row index="27">
        <F>0.8902</F>
        <F>0.89412</F>
        <F>181</F>
        <F>184</F>
        <F>222</F>
        <F>222</F>
        <F>43</F>
        <F>41</F>
      </Row>
      <Row index="28">
        <F>0.88627</F>
        <F>0.8902</F>
        <F>178</F>
        <F>181</F>
        <F>221</F>
        <F>222</F>
        <F>45</F>
        <F>43</F>
      </Row>
      <Row index="29">
        <F>0.88235</F>
        <F>0.88627</F>
        <F>176</F>
        <F>178</F>
        <F>221</F>
        <F>221</F>
        <F>47</F>
        <F>45</F>
      </Row>
      <Row index="30">
        <F>0.87843</F>
        <F>0.88235</F>
        <F>173</F>
        <F>176</F>
        <F>220</F>
        <F>221</F>
        <F>48</F>
        <F>47</F>
      </Row>
      <Row index="31">
        <F>0.8745099999999999</F>
        <F>0.87843</F>
        <F>170</F>
        <F>173</F>
        <F>220</F>
        <F>220</F>
        <F>50</F>
        <F>48</F>
      </Row>
      <Row index="32">
        <F>0.87059</F>
        <F>0.8745099999999999</F>
        <F>168</F>
        <F>170</F>
        <F>219</F>
        <F>220</F>
        <F>52</F>
        <F>50</F>
      </Row>
      <Row index="33">
        <F>0.8666700000000001</F>
        <F>0.87059</F>
        <F>165</F>
        <F>168</F>
        <F>219</F>
        <F>219</F>
        <F>54</F>
        <F>52</F>
      </Row>
      <Row index="34">
        <F>0.86275</F>
        <F>0.8666700000000001</F>
        <F>162</F>
        <F>165</F>
        <F>218</F>
        <F>219</F>
        <F>55</F>
        <F>54</F>
      </Row>
      <Row index="35">
        <F>0.85882</F>
        <F>0.86275</F>
        <F>160</F>
        <F>162</F>
        <F>218</F>
        <F>218</F>
        <F>57</F>
        <F>55</F>
      </Row>
      <Row index="36">
        <F>0.8549</F>
        <F>0.85882</F>
        <F>157</F>
        <F>160</F>
        <F>217</F>
        <F>218</F>
        <F>59</F>
        <F>57</F>
      </Row>
      <Row index="37">
        <F>0.85098</F>
        <F>0.8549</F>
        <F>155</F>
        <F>157</F>
        <F>217</F>
        <F>217</F>
        <F>60</F>
        <F>59</F>
      </Row>
      <Row index="38">
        <F>0.84706</F>
        <F>0.85098</F>
        <F>152</F>
        <F>155</F>
        <F>216</F>
        <F>217</F>
        <F>62</F>
        <F>60</F>
      </Row>
      <Row index="39">
        <F>0.8431399999999999</F>
        <F>0.84706</F>
        <F>149</F>
        <F>152</F>
        <F>216</F>
        <F>216</F>
        <F>64</F>
        <F>62</F>
      </Row>
      <Row index="40">
        <F>0.83922</F>
        <F>0.8431399999999999</F>
        <F>147</F>
        <F>149</F>
        <F>215</F>
        <F>216</F>
        <F>65</F>
        <F>64</F>
      </Row>
      <Row index="41">
        <F>0.83529</F>
        <F>0.83922</F>
        <F>144</F>
        <F>147</F>
        <F>215</F>
        <F>215</F>
        <F>67</F>
        <F>65</F>
      </Row>
      <Row index="42">
        <F>0.8313700000000001</F>
        <F>0.83529</F>
        <F>142</F>
        <F>144</F>
        <F>214</F>
        <F>215</F>
        <F>69</F>
        <F>67</F>
      </Row>
      <Row index="43">
        <F>0.82745</F>
        <F>0.8313700000000001</F>
        <F>139</F>
        <F>142</F>
        <F>214</F>
        <F>214</F>
        <F>70</F>
        <F>69</F>
      </Row>
      <Row index="44">
        <F>0.82353</F>
        <F>0.82745</F>
        <F>137</F>
        <F>139</F>
        <F>213</F>
        <F>214</F>
        <F>72</F>
        <F>70</F>
      </Row>
      <Row index="45">
        <F>0.8196099999999999</F>
        <F>0.82353</F>
        <F>134</F>
        <F>137</F>
        <F>213</F>
        <F>213</F>
        <F>73</F>
        <F>72</F>
      </Row>
      <Row index="46">
        <F>0.81569</F>
        <F>0.8196099999999999</F>
        <F>132</F>
        <F>134</F>
        <F>212</F>
        <F>213</F>
        <F>75</F>
        <F>73</F>
      </Row>
      <Row index="47">
        <F>0.81176</F>
        <F>0.81569</F>
        <F>129</F>
        <F>132</F>
        <F>211</F>
        <F>212</F>
        <F>77</F>
        <F>75</F>
      </Row>
      <Row index="48">
        <F>0.8078400000000001</F>
        <F>0.81176</F>
        <F>127</F>
        <F>129</F>
        <F>211</F>
        <F>211</F>
        <F>78</F>
        <F>77</F>
      </Row>
      <Row index="49">
        <F>0.80392</F>
        <F>0.8078400000000001</F>
        <F>124</F>
        <F>127</F>
        <F>210</F>
        <F>211</F>
        <F>80</F>
        <F>78</F>
      </Row>
      <Row index="50">
        <F>0.8</F>
        <F>0.80392</F>
        <F>122</F>
        <F>124</F>
        <F>209</F>
        <F>210</F>
        <F>81</F>
        <F>80</F>
      </Row>
      <Row index="51">
        <F>0.79608</F>
        <F>0.8</F>
        <F>119</F>
        <F>122</F>
        <F>209</F>
        <F>209</F>
        <F>83</F>
        <F>81</F>
      </Row>
      <Row index="52">
        <F>0.79216</F>
        <F>0.79608</F>
        <F>117</F>
        <F>119</F>
        <F>208</F>
        <F>209</F>
        <F>84</F>
        <F>83</F>
      </Row>
      <Row index="53">
        <F>0.7882399999999999</F>
        <F>0.79216</F>
        <F>115</F>
        <F>117</F>
        <F>208</F>
        <F>208</F>
        <F>86</F>
        <F>84</F>
      </Row>
      <Row index="54">
        <F>0.78431</F>
        <F>0.7882399999999999</F>
        <F>112</F>
        <F>115</F>
        <F>207</F>
        <F>208</F>
        <F>87</F>
        <F>86</F>
      </Row>
      <Row index="55">
        <F>0.78039</F>
        <F>0.78431</F>
        <F>110</F>
        <F>112</F>
        <F>206</F>
        <F>207</F>
        <F>88</F>
        <F>87</F>
      </Row>
      <Row index="56">
        <F>0.7764700000000001</F>
        <F>0.78039</F>
        <F>108</F>
        <F>110</F>
        <F>205</F>
        <F>206</F>
        <F>90</F>
        <F>88</F>
      </Row>
      <Row index="57">
        <F>0.77255</F>
        <F>0.7764700000000001</F>
        <F>105</F>
        <F>108</F>
        <F>205</F>
        <F>205</F>
        <F>91</F>
        <F>90</F>
      </Row>
      <Row index="58">
        <F>0.76863</F>
        <F>0.77255</F>
        <F>103</F>
        <F>105</F>
        <F>204</F>
        <F>205</F>
        <F>92</F>
        <F>91</F>
      </Row>
      <Row index="59">
        <F>0.76471</F>
        <F>0.76863</F>
        <F>101</F>
        <F>103</F>
        <F>203</F>
        <F>204</F>
        <F>94</F>
        <F>92</F>
      </Row>
      <Row index="60">
        <F>0.76078</F>
        <F>0.76471</F>
        <F>99</F>
        <F>101</F>
        <F>203</F>
        <F>203</F>
        <F>95</F>
        <F>94</F>
      </Row>
      <Row index="61">
        <F>0.7568600000000001</F>
        <F>0.76078</F>
        <F>96</F>
        <F>99</F>
        <F>202</F>
        <F>203</F>
        <F>96</F>
        <F>95</F>
      </Row>
      <Row index="62">
        <F>0.7529399999999999</F>
        <F>0.7568600000000001</F>
        <F>94</F>
        <F>96</F>
        <F>201</F>
        <F>202</F>
        <F>98</F>
        <F>96</F>
      </Row>
      <Row index="63">
        <F>0.74902</F>
        <F>0.7529399999999999</F>
        <F>92</F>
        <F>94</F>
        <F>200</F>
        <F>201</F>
        <F>99</F>
        <F>98</F>
      </Row>
      <Row index="64">
        <F>0.7451000000000001</F>
        <F>0.74902</F>
        <F>90</F>
        <F>92</F>
        <F>200</F>
        <F>200</F>
        <F>100</F>
        <F>99</F>
      </Row>
      <Row index="65">
        <F>0.7411799999999999</F>
        <F>0.7451000000000001</F>
        <F>88</F>
        <F>90</F>
        <F>199</F>
        <F>200</F>
        <F>101</F>
        <F>100</F>
      </Row>
      <Row index="66">
        <F>0.73725</F>
        <F>0.7411799999999999</F>
        <F>86</F>
        <F>88</F>
        <F>198</F>
        <F>199</F>
        <F>103</F>
        <F>101</F>
      </Row>
      <Row index="67">
        <F>0.73333</F>
        <F>0.73725</F>
        <F>84</F>
        <F>86</F>
        <F>197</F>
        <F>198</F>
        <F>104</F>
        <F>103</F>
      </Row>
      <Row index="68">
        <F>0.72941</F>
        <F>0.73333</F>
        <F>82</F>
        <F>84</F>
        <F>197</F>
        <F>197</F>
        <F>105</F>
        <F>104</F>
      </Row>
      <Row index="69">
        <F>0.7254900000000001</F>
        <F>0.72941</F>
        <F>80</F>
        <F>82</F>
        <F>196</F>
        <F>197</F>
        <F>106</F>
        <F>105</F>
      </Row>
      <Row index="70">
        <F>0.7215699999999999</F>
        <F>0.7254900000000001</F>
        <F>78</F>
        <F>80</F>
        <F>195</F>
        <F>196</F>
        <F>107</F>
        <F>106</F>
      </Row>
      <Row index="71">
        <F>0.71765</F>
        <F>0.7215699999999999</F>
        <F>76</F>
        <F>78</F>
        <F>194</F>
        <F>195</F>
        <F>108</F>
        <F>107</F>
      </Row>
      <Row index="72">
        <F>0.7137300000000001</F>
        <F>0.71765</F>
        <F>74</F>
        <F>76</F>
        <F>193</F>
        <F>194</F>
        <F>109</F>
        <F>108</F>
      </Row>
      <Row index="73">
        <F>0.7098</F>
        <F>0.7137300000000001</F>
        <F>72</F>
        <F>74</F>
        <F>193</F>
        <F>193</F>
        <F>110</F>
        <F>109</F>
      </Row>
      <Row index="74">
        <F>0.70588</F>
        <F>0.7098</F>
        <F>70</F>
        <F>72</F>
        <F>192</F>
        <F>193</F>
        <F>111</F>
        <F>110</F>
      </Row>
      <Row index="75">
        <F>0.70196</F>
        <F>0.70588</F>
        <F>68</F>
        <F>70</F>
        <F>191</F>
        <F>192</F>
        <F>112</F>
        <F>111</F>
      </Row>
      <Row index="76">
        <F>0.69804</F>
        <F>0.70196</F>
        <F>66</F>
        <F>68</F>
        <F>190</F>
        <F>191</F>
        <F>113</F>
        <F>112</F>
      </Row>
      <Row index="77">
        <F>0.6941200000000001</F>
        <F>0.69804</F>
        <F>64</F>
        <F>66</F>
        <F>189</F>
        <F>190</F>
        <F>114</F>
        <F>113</F>
      </Row>
      <Row index="78">
        <F>0.6901999999999999</F>
        <F>0.6941200000000001</F>
        <F>63</F>
        <F>64</F>
        <F>188</F>
        <F>189</F>
        <F>115</F>
        <F>114</F>
      </Row>
      <Row index="79">
        <F>0.6862699999999999</F>
        <F>0.6901999999999999</F>
        <F>61</F>
        <F>63</F>
        <F>188</F>
        <F>188</F>
        <F>116</F>
        <F>115</F>
      </Row>
      <Row index="80">
        <F>0.68235</F>
        <F>0.6862699999999999</F>
        <F>59</F>
        <F>61</F>
        <F>187</F>
        <F>188</F>
        <F>117</F>
        <F>116</F>
      </Row>
      <Row index="81">
        <F>0.6784300000000001</F>
        <F>0.68235</F>
        <F>58</F>
        <F>59</F>
        <F>186</F>
        <F>187</F>
        <F>118</F>
        <F>117</F>
      </Row>
      <Row index="82">
        <F>0.6745099999999999</F>
        <F>0.6784300000000001</F>
        <F>56</F>
        <F>58</F>
        <F>185</F>
        <F>186</F>
        <F>119</F>
        <F>118</F>
      </Row>
      <Row index="83">
        <F>0.67059</F>
        <F>0.6745099999999999</F>
        <F>55</F>
        <F>56</F>
        <F>184</F>
        <F>185</F>
        <F>120</F>
        <F>119</F>
      </Row>
      <Row index="84">
        <F>0.66667</F>
        <F>0.67059</F>
        <F>53</F>
        <F>55</F>
        <F>183</F>
        <F>184</F>
        <F>121</F>
        <F>120</F>
      </Row>
      <Row index="85">
        <F>0.6627500000000001</F>
        <F>0.66667</F>
        <F>52</F>
        <F>53</F>
        <F>182</F>
        <F>183</F>
        <F>121</F>
        <F>121</F>
      </Row>
      <Row index="86">
        <F>0.6588200000000001</F>
        <F>0.6627500000000001</F>
        <F>50</F>
        <F>52</F>
        <F>182</F>
        <F>182</F>
        <F>122</F>
        <F>121</F>
      </Row>
      <Row index="87">
        <F>0.6548999999999999</F>
        <F>0.6588200000000001</F>
        <F>49</F>
        <F>50</F>
        <F>181</F>
        <F>182</F>
        <F>123</F>
        <F>122</F>
      </Row>
      <Row index="88">
        <F>0.65098</F>
        <F>0.6548999999999999</F>
        <F>47</F>
        <F>49</F>
        <F>180</F>
        <F>181</F>
        <F>124</F>
        <F>123</F>
      </Row>
      <Row index="89">
        <F>0.6470600000000001</F>
        <F>0.65098</F>
        <F>46</F>
        <F>47</F>
        <F>179</F>
        <F>180</F>
        <F>124</F>
        <F>124</F>
      </Row>
      <Row index="90">
        <F>0.6431399999999999</F>
        <F>0.6470600000000001</F>
        <F>45</F>
        <F>46</F>
        <F>178</F>
        <F>179</F>
        <F>125</F>
        <F>124</F>
      </Row>
      <Row index="91">
        <F>0.63922</F>
        <F>0.6431399999999999</F>
        <F>44</F>
        <F>45</F>
        <F>177</F>
        <F>178</F>
        <F>126</F>
        <F>125</F>
      </Row>
      <Row index="92">
        <F>0.63529</F>
        <F>0.63922</F>
        <F>42</F>
        <F>44</F>
        <F>176</F>
        <F>177</F>
        <F>127</F>
        <F>126</F>
      </Row>
      <Row index="93">
        <F>0.63137</F>
        <F>0.63529</F>
        <F>41</F>
        <F>42</F>
        <F>175</F>
        <F>176</F>
        <F>127</F>
        <F>127</F>
      </Row>
      <Row index="94">
        <F>0.62745</F>
        <F>0.63137</F>
        <F>40</F>
        <F>41</F>
        <F>174</F>
        <F>175</F>
        <F>128</F>
        <F>127</F>
      </Row>
      <Row index="95">
        <F>0.62353</F>
        <F>0.62745</F>
        <F>39</F>
        <F>40</F>
        <F>173</F>
        <F>174</F>
        <F>129</F>
        <F>128</F>
      </Row>
      <Row index="96">
        <F>0.61961</F>
        <F>0.62353</F>
        <F>38</F>
        <F>39</F>
        <F>173</F>
        <F>173</F>
        <F>129</F>
        <F>129</F>
      </Row>
      <Row index="97">
        <F>0.6156900000000001</F>
        <F>0.61961</F>
        <F>37</F>
        <F>38</F>
        <F>172</F>
        <F>173</F>
        <F>130</F>
        <F>129</F>
      </Row>
      <Row index="98">
        <F>0.61176</F>
        <F>0.6156900000000001</F>
        <F>37</F>
        <F>37</F>
        <F>171</F>
        <F>172</F>
        <F>130</F>
        <F>130</F>
      </Row>
      <Row index="99">
        <F>0.6078399999999999</F>
        <F>0.61176</F>
        <F>36</F>
        <F>37</F>
        <F>170</F>
        <F>171</F>
        <F>131</F>
        <F>130</F>
      </Row>
      <Row index="100">
        <F>0.60392</F>
        <F>0.6078399999999999</F>
        <F>35</F>
        <F>36</F>
        <F>169</F>
        <F>170</F>
        <F>131</F>
        <F>131</F>
      </Row>
      <Row index="101">
        <F>0.6</F>
        <F>0.60392</F>
        <F>34</F>
        <F>35</F>
        <F>168</F>
        <F>169</F>
        <F>132</F>
        <F>131</F>
      </Row>
      <Row index="102">
        <F>0.5960799999999999</F>
        <F>0.6</F>
        <F>34</F>
        <F>34</F>
        <F>167</F>
        <F>168</F>
        <F>133</F>
        <F>132</F>
      </Row>
      <Row index="103">
        <F>0.59216</F>
        <F>0.5960799999999999</F>
        <F>33</F>
        <F>34</F>
        <F>166</F>
        <F>167</F>
        <F>133</F>
        <F>133</F>
      </Row>
      <Row index="104">
        <F>0.58824</F>
        <F>0.59216</F>
        <F>33</F>
        <F>33</F>
        <F>165</F>
        <F>166</F>
        <F>133</F>
        <F>133</F>
      </Row>
      <Row index="105">
        <F>0.58431</F>
        <F>0.58824</F>
        <F>32</F>
        <F>33</F>
        <F>164</F>
        <F>165</F>
        <F>134</F>
        <F>133</F>
      </Row>
      <Row index="106">
        <F>0.58039</F>
        <F>0.58431</F>
        <F>32</F>
        <F>32</F>
        <F>163</F>
        <F>164</F>
        <F>134</F>
        <F>134</F>
      </Row>
      <Row index="107">
        <F>0.57647</F>
        <F>0.58039</F>
        <F>31</F>
        <F>32</F>
        <F>162</F>
        <F>163</F>
        <F>135</F>
        <F>134</F>
      </Row>
      <Row index="108">
        <F>0.57255</F>
        <F>0.57647</F>
        <F>31</F>
        <F>31</F>
        <F>161</F>
        <F>162</F>
        <F>135</F>
        <F>135</F>
      </Row>
      <Row index="109">
        <F>0.56863</F>
        <F>0.57255</F>
        <F>31</F>
        <F>31</F>
        <F>161</F>
        <F>161</F>
        <F>136</F>
        <F>135</F>
      </Row>
      <Row index="110">
        <F>0.5647099999999999</F>
        <F>0.56863</F>
        <F>31</F>
        <F>31</F>
        <F>160</F>
        <F>161</F>
        <F>136</F>
        <F>136</F>
      </Row>
      <Row index="111">
        <F>0.5607800000000001</F>
        <F>0.5647099999999999</F>
        <F>31</F>
        <F>31</F>
        <F>159</F>
        <F>160</F>
        <F>136</F>
        <F>136</F>
      </Row>
      <Row index="112">
        <F>0.55686</F>
        <F>0.5607800000000001</F>
        <F>31</F>
        <F>31</F>
        <F>158</F>
        <F>159</F>
        <F>137</F>
        <F>136</F>
      </Row>
      <Row index="113">
        <F>0.55294</F>
        <F>0.55686</F>
        <F>30</F>
        <F>31</F>
        <F>157</F>
        <F>158</F>
        <F>137</F>
        <F>137</F>
      </Row>
      <Row index="114">
        <F>0.5490200000000001</F>
        <F>0.55294</F>
        <F>30</F>
        <F>30</F>
        <F>156</F>
        <F>157</F>
        <F>137</F>
        <F>137</F>
      </Row>
      <Row index="115">
        <F>0.5451</F>
        <F>0.5490200000000001</F>
        <F>30</F>
        <F>30</F>
        <F>155</F>
        <F>156</F>
        <F>138</F>
        <F>137</F>
      </Row>
      <Row index="116">
        <F>0.54118</F>
        <F>0.5451</F>
        <F>31</F>
        <F>30</F>
        <F>154</F>
        <F>155</F>
        <F>138</F>
        <F>138</F>
      </Row>
      <Row index="117">
        <F>0.53725</F>
        <F>0.54118</F>
        <F>31</F>
        <F>31</F>
        <F>153</F>
        <F>154</F>
        <F>138</F>
        <F>138</F>
      </Row>
      <Row index="118">
        <F>0.53333</F>
        <F>0.53725</F>
        <F>31</F>
        <F>31</F>
        <F>152</F>
        <F>153</F>
        <F>139</F>
        <F>138</F>
      </Row>
      <Row index="119">
        <F>0.52941</F>
        <F>0.53333</F>
        <F>31</F>
        <F>31</F>
        <F>151</F>
        <F>152</F>
        <F>139</F>
        <F>139</F>
      </Row>
      <Row index="120">
        <F>0.52549</F>
        <F>0.52941</F>
        <F>31</F>
        <F>31</F>
        <F>150</F>
        <F>151</F>
        <F>139</F>
        <F>139</F>
      </Row>
      <Row index="121">
        <F>0.52157</F>
        <F>0.52549</F>
        <F>31</F>
        <F>31</F>
        <F>149</F>
        <F>150</F>
        <F>139</F>
        <F>139</F>
      </Row>
      <Row index="122">
        <F>0.5176500000000001</F>
        <F>0.52157</F>
        <F>31</F>
        <F>31</F>
        <F>148</F>
        <F>149</F>
        <F>140</F>
        <F>139</F>
      </Row>
      <Row index="123">
        <F>0.51373</F>
        <F>0.5176500000000001</F>
        <F>32</F>
        <F>31</F>
        <F>147</F>
        <F>148</F>
        <F>140</F>
        <F>140</F>
      </Row>
      <Row index="124">
        <F>0.5097999999999999</F>
        <F>0.51373</F>
        <F>32</F>
        <F>32</F>
        <F>146</F>
        <F>147</F>
        <F>140</F>
        <F>140</F>
      </Row>
      <Row index="125">
        <F>0.50588</F>
        <F>0.5097999999999999</F>
        <F>32</F>
        <F>32</F>
        <F>146</F>
        <F>146</F>
        <F>140</F>
        <F>140</F>
      </Row>
      <Row index="126">
        <F>0.50196</F>
        <F>0.50588</F>
        <F>33</F>
        <F>32</F>
        <F>145</F>
        <F>146</F>
        <F>140</F>
        <F>140</F>
      </Row>
      <Row index="127">
        <F>0.49804</F>
        <F>0.50196</F>
        <F>33</F>
        <F>33</F>
        <F>144</F>
        <F>145</F>
        <F>141</F>
        <F>140</F>
      </Row>
      <Row index="128">
        <F>0.49412</F>
        <F>0.49804</F>
        <F>33</F>
        <F>33</F>
        <F>143</F>
        <F>144</F>
        <F>141</F>
        <F>141</F>
      </Row>
      <Row index="129">
        <F>0.4902</F>
        <F>0.49412</F>
        <F>33</F>
        <F>33</F>
        <F>142</F>
        <F>143</F>
        <F>141</F>
        <F>141</F>
      </Row>
      <Row index="130">
        <F>0.48627</F>
        <F>0.4902</F>
        <F>34</F>
        <F>33</F>
        <F>141</F>
        <F>142</F>
        <F>141</F>
        <F>141</F>
      </Row>
      <Row index="131">
        <F>0.48235</F>
        <F>0.48627</F>
        <F>34</F>
        <F>34</F>
        <F>140</F>
        <F>141</F>
        <F>141</F>
        <F>141</F>
      </Row>
      <Row index="132">
        <F>0.47843</F>
        <F>0.48235</F>
        <F>34</F>
        <F>34</F>
        <F>139</F>
        <F>140</F>
        <F>141</F>
        <F>141</F>
      </Row>
      <Row index="133">
        <F>0.47451</F>
        <F>0.47843</F>
        <F>35</F>
        <F>34</F>
        <F>138</F>
        <F>139</F>
        <F>141</F>
        <F>141</F>
      </Row>
      <Row index="134">
        <F>0.47059</F>
        <F>0.47451</F>
        <F>35</F>
        <F>35</F>
        <F>137</F>
        <F>138</F>
        <F>142</F>
        <F>141</F>
      </Row>
      <Row index="135">
        <F>0.46667</F>
        <F>0.47059</F>
        <F>35</F>
        <F>35</F>
        <F>136</F>
        <F>137</F>
        <F>142</F>
        <F>142</F>
      </Row>
      <Row index="136">
        <F>0.46275</F>
        <F>0.46667</F>
        <F>36</F>
        <F>35</F>
        <F>135</F>
        <F>136</F>
        <F>142</F>
        <F>142</F>
      </Row>
      <Row index="137">
        <F>0.45882</F>
        <F>0.46275</F>
        <F>36</F>
        <F>36</F>
        <F>134</F>
        <F>135</F>
        <F>142</F>
        <F>142</F>
      </Row>
      <Row index="138">
        <F>0.4549</F>
        <F>0.45882</F>
        <F>37</F>
        <F>36</F>
        <F>133</F>
        <F>134</F>
        <F>142</F>
        <F>142</F>
      </Row>
      <Row index="139">
        <F>0.45098</F>
        <F>0.4549</F>
        <F>37</F>
        <F>37</F>
        <F>132</F>
        <F>133</F>
        <F>142</F>
        <F>142</F>
      </Row>
      <Row index="140">
        <F>0.44706</F>
        <F>0.45098</F>
        <F>37</F>
        <F>37</F>
        <F>131</F>
        <F>132</F>
        <F>142</F>
        <F>142</F>
      </Row>
      <Row index="141">
        <F>0.44314</F>
        <F>0.44706</F>
        <F>38</F>
        <F>37</F>
        <F>130</F>
        <F>131</F>
        <F>142</F>
        <F>142</F>
      </Row>
      <Row index="142">
        <F>0.4392199999999999</F>
        <F>0.44314</F>
        <F>38</F>
        <F>38</F>
        <F>130</F>
        <F>130</F>
        <F>142</F>
        <F>142</F>
      </Row>
      <Row index="143">
        <F>0.43529</F>
        <F>0.4392199999999999</F>
        <F>38</F>
        <F>38</F>
        <F>129</F>
        <F>130</F>
        <F>142</F>
        <F>142</F>
      </Row>
      <Row index="144">
        <F>0.43137</F>
        <F>0.43529</F>
        <F>39</F>
        <F>38</F>
        <F>128</F>
        <F>129</F>
        <F>142</F>
        <F>142</F>
      </Row>
      <Row index="145">
        <F>0.42745</F>
        <F>0.43137</F>
        <F>39</F>
        <F>39</F>
        <F>127</F>
        <F>128</F>
        <F>142</F>
        <F>142</F>
      </Row>
      <Row index="146">
        <F>0.42353</F>
        <F>0.42745</F>
        <F>39</F>
        <F>39</F>
        <F>126</F>
        <F>127</F>
        <F>142</F>
        <F>142</F>
      </Row>
      <Row index="147">
        <F>0.41961</F>
        <F>0.42353</F>
        <F>40</F>
        <F>39</F>
        <F>125</F>
        <F>126</F>
        <F>142</F>
        <F>142</F>
      </Row>
      <Row index="148">
        <F>0.41569</F>
        <F>0.41961</F>
        <F>40</F>
        <F>40</F>
        <F>124</F>
        <F>125</F>
        <F>142</F>
        <F>142</F>
      </Row>
      <Row index="149">
        <F>0.41176</F>
        <F>0.41569</F>
        <F>41</F>
        <F>40</F>
        <F>123</F>
        <F>124</F>
        <F>142</F>
        <F>142</F>
      </Row>
      <Row index="150">
        <F>0.40784</F>
        <F>0.41176</F>
        <F>41</F>
        <F>41</F>
        <F>122</F>
        <F>123</F>
        <F>142</F>
        <F>142</F>
      </Row>
      <Row index="151">
        <F>0.4039200000000001</F>
        <F>0.40784</F>
        <F>41</F>
        <F>41</F>
        <F>121</F>
        <F>122</F>
        <F>142</F>
        <F>142</F>
      </Row>
      <Row index="152">
        <F>0.4</F>
        <F>0.4039200000000001</F>
        <F>42</F>
        <F>41</F>
        <F>120</F>
        <F>121</F>
        <F>142</F>
        <F>142</F>
      </Row>
      <Row index="153">
        <F>0.39608</F>
        <F>0.4</F>
        <F>42</F>
        <F>42</F>
        <F>119</F>
        <F>120</F>
        <F>142</F>
        <F>142</F>
      </Row>
      <Row index="154">
        <F>0.39216</F>
        <F>0.39608</F>
        <F>42</F>
        <F>42</F>
        <F>118</F>
        <F>119</F>
        <F>142</F>
        <F>142</F>
      </Row>
      <Row index="155">
        <F>0.38824</F>
        <F>0.39216</F>
        <F>43</F>
        <F>42</F>
        <F>117</F>
        <F>118</F>
        <F>142</F>
        <F>142</F>
      </Row>
      <Row index="156">
        <F>0.38431</F>
        <F>0.38824</F>
        <F>43</F>
        <F>43</F>
        <F>116</F>
        <F>117</F>
        <F>142</F>
        <F>142</F>
      </Row>
      <Row index="157">
        <F>0.38039</F>
        <F>0.38431</F>
        <F>44</F>
        <F>43</F>
        <F>115</F>
        <F>116</F>
        <F>142</F>
        <F>142</F>
      </Row>
      <Row index="158">
        <F>0.37647</F>
        <F>0.38039</F>
        <F>44</F>
        <F>44</F>
        <F>114</F>
        <F>115</F>
        <F>142</F>
        <F>142</F>
      </Row>
      <Row index="159">
        <F>0.37255</F>
        <F>0.37647</F>
        <F>44</F>
        <F>44</F>
        <F>113</F>
        <F>114</F>
        <F>142</F>
        <F>142</F>
      </Row>
      <Row index="160">
        <F>0.36863</F>
        <F>0.37255</F>
        <F>45</F>
        <F>44</F>
        <F>113</F>
        <F>113</F>
        <F>142</F>
        <F>142</F>
      </Row>
      <Row index="161">
        <F>0.36471</F>
        <F>0.36863</F>
        <F>45</F>
        <F>45</F>
        <F>112</F>
        <F>113</F>
        <F>142</F>
        <F>142</F>
      </Row>
      <Row index="162">
        <F>0.36078</F>
        <F>0.36471</F>
        <F>46</F>
        <F>45</F>
        <F>111</F>
        <F>112</F>
        <F>142</F>
        <F>142</F>
      </Row>
      <Row index="163">
        <F>0.35686</F>
        <F>0.36078</F>
        <F>46</F>
        <F>46</F>
        <F>110</F>
        <F>111</F>
        <F>142</F>
        <F>142</F>
      </Row>
      <Row index="164">
        <F>0.35294</F>
        <F>0.35686</F>
        <F>46</F>
        <F>46</F>
        <F>109</F>
        <F>110</F>
        <F>142</F>
        <F>142</F>
      </Row>
      <Row index="165">
        <F>0.34902</F>
        <F>0.35294</F>
        <F>47</F>
        <F>46</F>
        <F>108</F>
        <F>109</F>
        <F>142</F>
        <F>142</F>
      </Row>
      <Row index="166">
        <F>0.3451</F>
        <F>0.34902</F>
        <F>47</F>
        <F>47</F>
        <F>107</F>
        <F>108</F>
        <F>142</F>
        <F>142</F>
      </Row>
      <Row index="167">
        <F>0.34118</F>
        <F>0.3451</F>
        <F>48</F>
        <F>47</F>
        <F>106</F>
        <F>107</F>
        <F>142</F>
        <F>142</F>
      </Row>
      <Row index="168">
        <F>0.33725</F>
        <F>0.34118</F>
        <F>48</F>
        <F>48</F>
        <F>105</F>
        <F>106</F>
        <F>142</F>
        <F>142</F>
      </Row>
      <Row index="169">
        <F>0.33333</F>
        <F>0.33725</F>
        <F>49</F>
        <F>48</F>
        <F>104</F>
        <F>105</F>
        <F>142</F>
        <F>142</F>
      </Row>
      <Row index="170">
        <F>0.32941</F>
        <F>0.33333</F>
        <F>49</F>
        <F>49</F>
        <F>103</F>
        <F>104</F>
        <F>142</F>
        <F>142</F>
      </Row>
      <Row index="171">
        <F>0.32549</F>
        <F>0.32941</F>
        <F>49</F>
        <F>49</F>
        <F>102</F>
        <F>103</F>
        <F>142</F>
        <F>142</F>
      </Row>
      <Row index="172">
        <F>0.32157</F>
        <F>0.32549</F>
        <F>50</F>
        <F>49</F>
        <F>101</F>
        <F>102</F>
        <F>142</F>
        <F>142</F>
      </Row>
      <Row index="173">
        <F>0.31765</F>
        <F>0.32157</F>
        <F>50</F>
        <F>50</F>
        <F>100</F>
        <F>101</F>
        <F>142</F>
        <F>142</F>
      </Row>
      <Row index="174">
        <F>0.31373</F>
        <F>0.31765</F>
        <F>51</F>
        <F>50</F>
        <F>99</F>
        <F>100</F>
        <F>141</F>
        <F>142</F>
      </Row>
      <Row index="175">
        <F>0.3098</F>
        <F>0.31373</F>
        <F>51</F>
        <F>51</F>
        <F>98</F>
        <F>99</F>
        <F>141</F>
        <F>141</F>
      </Row>
      <Row index="176">
        <F>0.30588</F>
        <F>0.3098</F>
        <F>52</F>
        <F>51</F>
        <F>97</F>
        <F>98</F>
        <F>141</F>
        <F>141</F>
      </Row>
      <Row index="177">
        <F>0.30196</F>
        <F>0.30588</F>
        <F>52</F>
        <F>52</F>
        <F>96</F>
        <F>97</F>
        <F>141</F>
        <F>141</F>
      </Row>
      <Row index="178">
        <F>0.29804</F>
        <F>0.30196</F>
        <F>53</F>
        <F>52</F>
        <F>95</F>
        <F>96</F>
        <F>141</F>
        <F>141</F>
      </Row>
      <Row index="179">
        <F>0.29412</F>
        <F>0.29804</F>
        <F>53</F>
        <F>53</F>
        <F>94</F>
        <F>95</F>
        <F>141</F>
        <F>141</F>
      </Row>
      <Row index="180">
        <F>0.2902</F>
        <F>0.29412</F>
        <F>54</F>
        <F>53</F>
        <F>93</F>
        <F>94</F>
        <F>141</F>
        <F>141</F>
      </Row>
      <Row index="181">
        <F>0.28627</F>
        <F>0.2902</F>
        <F>54</F>
        <F>54</F>
        <F>92</F>
        <F>93</F>
        <F>141</F>
        <F>141</F>
      </Row>
      <Row index="182">
        <F>0.28235</F>
        <F>0.28627</F>
        <F>55</F>
        <F>54</F>
        <F>91</F>
        <F>92</F>
        <F>141</F>
        <F>141</F>
      </Row>
      <Row index="183">
        <F>0.27843</F>
        <F>0.28235</F>
        <F>55</F>
        <F>55</F>
        <F>90</F>
        <F>91</F>
        <F>140</F>
        <F>141</F>
      </Row>
      <Row index="184">
        <F>0.27451</F>
        <F>0.27843</F>
        <F>56</F>
        <F>55</F>
        <F>89</F>
        <F>90</F>
        <F>140</F>
        <F>140</F>
      </Row>
      <Row index="185">
        <F>0.27059</F>
        <F>0.27451</F>
        <F>56</F>
        <F>56</F>
        <F>88</F>
        <F>89</F>
        <F>140</F>
        <F>140</F>
      </Row>
      <Row index="186">
        <F>0.26667</F>
        <F>0.27059</F>
        <F>57</F>
        <F>56</F>
        <F>86</F>
        <F>88</F>
        <F>140</F>
        <F>140</F>
      </Row>
      <Row index="187">
        <F>0.26275</F>
        <F>0.26667</F>
        <F>57</F>
        <F>57</F>
        <F>85</F>
        <F>86</F>
        <F>140</F>
        <F>140</F>
      </Row>
      <Row index="188">
        <F>0.25882</F>
        <F>0.26275</F>
        <F>58</F>
        <F>57</F>
        <F>84</F>
        <F>85</F>
        <F>140</F>
        <F>140</F>
      </Row>
      <Row index="189">
        <F>0.2549</F>
        <F>0.25882</F>
        <F>58</F>
        <F>58</F>
        <F>83</F>
        <F>84</F>
        <F>139</F>
        <F>140</F>
      </Row>
      <Row index="190">
        <F>0.25098</F>
        <F>0.2549</F>
        <F>59</F>
        <F>58</F>
        <F>82</F>
        <F>83</F>
        <F>139</F>
        <F>139</F>
      </Row>
      <Row index="191">
        <F>0.24706</F>
        <F>0.25098</F>
        <F>59</F>
        <F>59</F>
        <F>81</F>
        <F>82</F>
        <F>139</F>
        <F>139</F>
      </Row>
      <Row index="192">
        <F>0.24314</F>
        <F>0.24706</F>
        <F>60</F>
        <F>59</F>
        <F>80</F>
        <F>81</F>
        <F>139</F>
        <F>139</F>
      </Row>
      <Row index="193">
        <F>0.23922</F>
        <F>0.24314</F>
        <F>60</F>
        <F>60</F>
        <F>79</F>
        <F>80</F>
        <F>138</F>
        <F>139</F>
      </Row>
      <Row index="194">
        <F>0.23529</F>
        <F>0.23922</F>
        <F>61</F>
        <F>60</F>
        <F>78</F>
        <F>79</F>
        <F>138</F>
        <F>138</F>
      </Row>
      <Row index="195">
        <F>0.23137</F>
        <F>0.23529</F>
        <F>61</F>
        <F>61</F>
        <F>77</F>
        <F>78</F>
        <F>138</F>
        <F>138</F>
      </Row>
      <Row index="196">
        <F>0.22745</F>
        <F>0.23137</F>
        <F>62</F>
        <F>61</F>
        <F>76</F>
        <F>77</F>
        <F>138</F>
        <F>138</F>
      </Row>
      <Row index="197">
        <F>0.22353</F>
        <F>0.22745</F>
        <F>62</F>
        <F>62</F>
        <F>74</F>
        <F>76</F>
        <F>137</F>
        <F>138</F>
      </Row>
      <Row index="198">
        <F>0.21961</F>
        <F>0.22353</F>
        <F>62</F>
        <F>62</F>
        <F>73</F>
        <F>74</F>
        <F>137</F>
        <F>137</F>
      </Row>
      <Row index="199">
        <F>0.21569</F>
        <F>0.21961</F>
        <F>63</F>
        <F>62</F>
        <F>72</F>
        <F>73</F>
        <F>137</F>
        <F>137</F>
      </Row>
      <Row index="200">
        <F>0.21176</F>
        <F>0.21569</F>
        <F>63</F>
        <F>63</F>
        <F>71</F>
        <F>72</F>
        <F>136</F>
        <F>137</F>
      </Row>
      <Row index="201">
        <F>0.20784</F>
        <F>0.21176</F>
        <F>64</F>
        <F>63</F>
        <F>70</F>
        <F>71</F>
        <F>136</F>
        <F>136</F>
      </Row>
      <Row index="202">
        <F>0.20392</F>
        <F>0.20784</F>
        <F>64</F>
        <F>64</F>
        <F>69</F>
        <F>70</F>
        <F>136</F>
        <F>136</F>
      </Row>
      <Row index="203">
        <F>0.2</F>
        <F>0.20392</F>
        <F>65</F>
        <F>64</F>
        <F>68</F>
        <F>69</F>
        <F>135</F>
        <F>136</F>
      </Row>
      <Row index="204">
        <F>0.19608</F>
        <F>0.2</F>
        <F>65</F>
        <F>65</F>
        <F>66</F>
        <F>68</F>
        <F>135</F>
        <F>135</F>
      </Row>
      <Row index="205">
        <F>0.19216</F>
        <F>0.19608</F>
        <F>66</F>
        <F>65</F>
        <F>65</F>
        <F>66</F>
        <F>134</F>
        <F>135</F>
      </Row>
      <Row index="206">
        <F>0.18824</F>
        <F>0.19216</F>
        <F>66</F>
        <F>66</F>
        <F>64</F>
        <F>65</F>
        <F>134</F>
        <F>134</F>
      </Row>
      <Row index="207">
        <F>0.18431</F>
        <F>0.18824</F>
        <F>66</F>
        <F>66</F>
        <F>63</F>
        <F>64</F>
        <F>133</F>
        <F>134</F>
      </Row>
      <Row index="208">
        <F>0.18039</F>
        <F>0.18431</F>
        <F>67</F>
        <F>66</F>
        <F>62</F>
        <F>63</F>
        <F>133</F>
        <F>133</F>
      </Row>
      <Row index="209">
        <F>0.17647</F>
        <F>0.18039</F>
        <F>67</F>
        <F>67</F>
        <F>61</F>
        <F>62</F>
        <F>132</F>
        <F>133</F>
      </Row>
      <Row index="210">
        <F>0.17255</F>
        <F>0.17647</F>
        <F>68</F>
        <F>67</F>
        <F>59</F>
        <F>61</F>
        <F>132</F>
        <F>132</F>
      </Row>
      <Row index="211">
        <F>0.16863</F>
        <F>0.17255</F>
        <F>68</F>
        <F>68</F>
        <F>58</F>
        <F>59</F>
        <F>131</F>
        <F>132</F>
      </Row>
      <Row index="212">
        <F>0.16471</F>
        <F>0.16863</F>
        <F>68</F>
        <F>68</F>
        <F>57</F>
        <F>58</F>
        <F>131</F>
        <F>131</F>
      </Row>
      <Row index="213">
        <F>0.16078</F>
        <F>0.16471</F>
        <F>69</F>
        <F>68</F>
        <F>56</F>
        <F>57</F>
        <F>130</F>
        <F>131</F>
      </Row>
      <Row index="214">
        <F>0.15686</F>
        <F>0.16078</F>
        <F>69</F>
        <F>69</F>
        <F>55</F>
        <F>56</F>
        <F>129</F>
        <F>130</F>
      </Row>
      <Row index="215">
        <F>0.15294</F>
        <F>0.15686</F>
        <F>69</F>
        <F>69</F>
        <F>53</F>
        <F>55</F>
        <F>129</F>
        <F>129</F>
      </Row>
      <Row index="216">
        <F>0.14902</F>
        <F>0.15294</F>
        <F>70</F>
        <F>69</F>
        <F>52</F>
        <F>53</F>
        <F>128</F>
        <F>129</F>
      </Row>
      <Row index="217">
        <F>0.1451</F>
        <F>0.14902</F>
        <F>70</F>
        <F>70</F>
        <F>51</F>
        <F>52</F>
        <F>127</F>
        <F>128</F>
      </Row>
      <Row index="218">
        <F>0.14118</F>
        <F>0.1451</F>
        <F>70</F>
        <F>70</F>
        <F>50</F>
        <F>51</F>
        <F>126</F>
        <F>127</F>
      </Row>
      <Row index="219">
        <F>0.13725</F>
        <F>0.14118</F>
        <F>70</F>
        <F>70</F>
        <F>48</F>
        <F>50</F>
        <F>126</F>
        <F>126</F>
      </Row>
      <Row index="220">
        <F>0.13333</F>
        <F>0.13725</F>
        <F>71</F>
        <F>70</F>
        <F>47</F>
        <F>48</F>
        <F>125</F>
        <F>126</F>
      </Row>
      <Row index="221">
        <F>0.12941</F>
        <F>0.13333</F>
        <F>71</F>
        <F>71</F>
        <F>46</F>
        <F>47</F>
        <F>124</F>
        <F>125</F>
      </Row>
      <Row index="222">
        <F>0.12549</F>
        <F>0.12941</F>
        <F>71</F>
        <F>71</F>
        <F>45</F>
        <F>46</F>
        <F>123</F>
        <F>124</F>
      </Row>
      <Row index="223">
        <F>0.12157</F>
        <F>0.12549</F>
        <F>71</F>
        <F>71</F>
        <F>44</F>
        <F>45</F>
        <F>122</F>
        <F>123</F>
      </Row>
      <Row index="224">
        <F>0.11765</F>
        <F>0.12157</F>
        <F>71</F>
        <F>71</F>
        <F>42</F>
        <F>44</F>
        <F>122</F>
        <F>122</F>
      </Row>
      <Row index="225">
        <F>0.11373</F>
        <F>0.11765</F>
        <F>72</F>
        <F>71</F>
        <F>41</F>
        <F>42</F>
        <F>121</F>
        <F>122</F>
      </Row>
      <Row index="226">
        <F>0.1098</F>
        <F>0.11373</F>
        <F>72</F>
        <F>72</F>
        <F>40</F>
        <F>41</F>
        <F>120</F>
        <F>121</F>
      </Row>
      <Row index="227">
        <F>0.10588</F>
        <F>0.1098</F>
        <F>72</F>
        <F>72</F>
        <F>38</F>
        <F>40</F>
        <F>119</F>
        <F>120</F>
      </Row>
      <Row index="228">
        <F>0.10196</F>
        <F>0.10588</F>
        <F>72</F>
        <F>72</F>
        <F>37</F>
        <F>38</F>
        <F>118</F>
        <F>119</F>
      </Row>
      <Row index="229">
        <F>0.09804</F>
        <F>0.10196</F>
        <F>72</F>
        <F>72</F>
        <F>36</F>
        <F>37</F>
        <F>117</F>
        <F>118</F>
      </Row>
      <Row index="230">
        <F>0.09412000000000001</F>
        <F>0.09804</F>
        <F>72</F>
        <F>72</F>
        <F>35</F>
        <F>36</F>
        <F>116</F>
        <F>117</F>
      </Row>
      <Row index="231">
        <F>0.0902</F>
        <F>0.09412000000000001</F>
        <F>72</F>
        <F>72</F>
        <F>33</F>
        <F>35</F>
        <F>115</F>
        <F>116</F>
      </Row>
      <Row index="232">
        <F>0.08627000000000001</F>
        <F>0.0902</F>
        <F>72</F>
        <F>72</F>
        <F>32</F>
        <F>33</F>
        <F>113</F>
        <F>115</F>
      </Row>
      <Row index="233">
        <F>0.08234999999999999</F>
        <F>0.08627000000000001</F>
        <F>72</F>
        <F>72</F>
        <F>31</F>
        <F>32</F>
        <F>112</F>
        <F>113</F>
      </Row>
      <Row index="234">
        <F>0.07843</F>
        <F>0.08234999999999999</F>
        <F>72</F>
        <F>72</F>
        <F>29</F>
        <F>31</F>
        <F>111</F>
        <F>112</F>
      </Row>
      <Row index="235">
        <F>0.07450999999999999</F>
        <F>0.07843</F>
        <F>72</F>
        <F>72</F>
        <F>28</F>
        <F>29</F>
        <F>110</F>
        <F>111</F>
      </Row>
      <Row index="236">
        <F>0.07059</F>
        <F>0.07450999999999999</F>
        <F>72</F>
        <F>72</F>
        <F>27</F>
        <F>28</F>
        <F>109</F>
        <F>110</F>
      </Row>
      <Row index="237">
        <F>0.06666999999999999</F>
        <F>0.07059</F>
        <F>72</F>
        <F>72</F>
        <F>26</F>
        <F>27</F>
        <F>108</F>
        <F>109</F>
      </Row>
      <Row index="238">
        <F>0.06275</F>
        <F>0.06666999999999999</F>
        <F>72</F>
        <F>72</F>
        <F>24</F>
        <F>26</F>
        <F>106</F>
        <F>108</F>
      </Row>
      <Row index="239">
        <F>0.05882</F>
        <F>0.06275</F>
        <F>72</F>
        <F>72</F>
        <F>23</F>
        <F>24</F>
        <F>105</F>
        <F>106</F>
      </Row>
      <Row index="240">
        <F>0.0549</F>
        <F>0.05882</F>
        <F>72</F>
        <F>72</F>
        <F>22</F>
        <F>23</F>
        <F>104</F>
        <F>105</F>
      </Row>
      <Row index="241">
        <F>0.05098</F>
        <F>0.0549</F>
        <F>72</F>
        <F>72</F>
        <F>20</F>
        <F>22</F>
        <F>103</F>
        <F>104</F>
      </Row>
      <Row index="242">
        <F>0.04706</F>
        <F>0.05098</F>
        <F>71</F>
        <F>72</F>
        <F>19</F>
        <F>20</F>
        <F>101</F>
        <F>103</F>
      </Row>
      <Row index="243">
        <F>0.04314</F>
        <F>0.04706</F>
        <F>71</F>
        <F>71</F>
        <F>17</F>
        <F>19</F>
        <F>100</F>
        <F>101</F>
      </Row>
      <Row index="244">
        <F>0.03922</F>
        <F>0.04314</F>
        <F>71</F>
        <F>71</F>
        <F>16</F>
        <F>17</F>
        <F>99</F>
        <F>100</F>
      </Row>
      <Row index="245">
        <F>0.03529</F>
        <F>0.03922</F>
        <F>71</F>
        <F>71</F>
        <F>14</F>
        <F>16</F>
        <F>97</F>
        <F>99</F>
      </Row>
      <Row index="246">
        <F>0.03137</F>
        <F>0.03529</F>
        <F>71</F>
        <F>71</F>
        <F>13</F>
        <F>14</F>
        <F>96</F>
        <F>97</F>
      </Row>
      <Row index="247">
        <F>0.02745</F>
        <F>0.03137</F>
        <F>70</F>
        <F>71</F>
        <F>11</F>
        <F>13</F>
        <F>94</F>
        <F>96</F>
      </Row>
      <Row index="248">
        <F>0.02353</F>
        <F>0.02745</F>
        <F>70</F>
        <F>70</F>
        <F>10</F>
        <F>11</F>
        <F>93</F>
        <F>94</F>
      </Row>
      <Row index="249">
        <F>0.01961</F>
        <F>0.02353</F>
        <F>70</F>
        <F>70</F>
        <F>8</F>
        <F>10</F>
        <F>92</F>
        <F>93</F>
      </Row>
      <Row index="250">
        <F>0.01569</F>
        <F>0.01961</F>
        <F>70</F>
        <F>70</F>
        <F>7</F>
        <F>8</F>
        <F>90</F>
        <F>92</F>
      </Row>
      <Row index="251">
        <F>0.01176</F>
        <F>0.01569</F>
        <F>69</F>
        <F>70</F>
        <F>5</F>
        <F>7</F>
        <F>89</F>
        <F>90</F>
      </Row>
      <Row index="252">
        <F>0.00784</F>
        <F>0.01176</F>
        <F>69</F>
        <F>69</F>
        <F>4</F>
        <F>5</F>
        <F>87</F>
        <F>89</F>
      </Row>
      <Row index="253">
        <F>0.00392</F>
        <F>0.00784</F>
        <F>68</F>
        <F>69</F>
        <F>2</F>
        <F>4</F>
        <F>86</F>
        <F>87</F>
      </Row>
      <Row index="254">
        <F>0</F>
        <F>0.00392</F>
        <F>68</F>
        <F>68</F>
        <F>1</F>
        <F>2</F>
        <F>84</F>
        <F>86</F>
      </Row>
    </GDALRasterAttributeTable>
  </PAMRasterBand>
</PAMDataset>
